id,id_onoff,id_phase,id_parent,dt_created,dt_read,dt_updated,dt_deletedemail,emailaddress,password,firstname,middlename,lastname,phonenumber,user_birthdate,age_verified,user_gender,user_school,id_cell_carrier,user_address1,user_address2,id_loc_city,id_loc_st,id_loc_zip,id_user_role(array),dl_number,dl_st,dl_exp,bg_status,bg_app_dt,bg_exp_dt,bg_notes,id_league,id_division(array),id_team(array),id_coach(array),id_events(array)
1,1,1,,,,,,mshilling0@unblog.fr,mj600wAU,Melesa,,Shilling,3793498191,,,,,,,,,,,,,,,,,,,,,,,
2,1,1,,,,,,bbompass1@g.co,7GGLE5,Barrie,,Bompass,7056846004,,,,,,,,,,,,,,,,,,,,,,,
3,1,1,,,,,,dbambury2@ft.com,lXM2VOUbBFu,Dolly,,Bambury,2573597041,,,,,,,,,,,,,,,,,,,,,,,
4,1,1,,,,,,mbaynom3@github.io,fSfnUByQh,Margarethe,,Baynom,2715838026,,,,,,,,,,,,,,,,,,,,,,,
5,1,1,,,,,,irecords4@mysql.com,LGeCgA6tos,Ines,,Records,8919411863,,,,,,,,,,,,,,,,,,,,,,,
6,1,1,,,,,,rcorp5@wordpress.org,KVc78Pz8bfK6,Rikki,,Corp,4954557180,,,,,,,,,,,,,,,,,,,,,,,
7,1,1,,,,,,ccallender6@va.gov,76hXVtZUXh,Christophe,,Callender,4916843770,,,,,,,,,,,,,,,,,,,,,,,
8,1,1,,,,,,bmaseres7@miitbeian.gov.cn,Ggaj7t,Binnie,,Maseres,8675004019,,,,,,,,,,,,,,,,,,,,,,,
9,1,1,,,,,,plightowlers8@yellowbook.com,yvyECu,Pablo,,Lightowlers,7024365642,,,,,,,,,,,,,,,,,,,,,,,
10,1,1,,,,,,mwantling9@ucsd.edu,xtIY0hGzwxsO,Marissa,,Wantling,4435687019,,,,,,,,,,,,,,,,,,,,,,,
11,1,1,,,,,,mivanilova@blogs.com,mV09BJaRR0,Mora,,Ivanilov,6898935663,,,,,,,,,,,,,,,,,,,,,,,
12,1,1,,,,,,epavelinb@apple.com,IMpba2n,Ettore,,Pavelin,1467295428,,,,,,,,,,,,,,,,,,,,,,,
13,1,1,,,,,,kdartanc@utexas.edu,WZW0a32Enq,Kristine,,Dartan,7214927583,,,,,,,,,,,,,,,,,,,,,,,
14,1,2,,,,,,tfaulconerd@army.mil,MnlyOkyr8c,Traver,,Faulconer,7011246824,,,,,,,,,,,,,,,,,,,,,,,
15,1,1,,,,,,jcrummeye@phpbb.com,naQVHEt4O7,Jacquie,,Crummey,7901111853,,,,,,,,,,,,,,,,,,,,,,,
16,1,1,,,,,,rnadinf@pinterest.com,IYnjr4A,Rodolphe,,Nadin,5348238374,,,,,,,,,,,,,,,,,,,,,,,
17,1,1,,,,,,mkaveg@aol.com,HxnEcLxGahgg,Morgun,,Kave,8301429961,,,,,,,,,,,,,,,,,,,,,,,
18,1,2,,,,,,catleeh@liveinternet.ru,2uC8y3oOjTPf,Cherilyn,,Atlee,5098912581,,,,,,,,,,,,,,,,,,,,,,,
19,1,1,,,,,,kaxelli@who.int,3J7LaY,Kaela,,Axell,4237751866,,,,,,,,,,,,,,,,,,,,,,,
20,1,1,,,,,,bgeraudelj@chron.com,fk2P4Z,Bank,,Geraudel,5656915020,,,,,,,,,,,,,,,,,,,,,,,
21,1,1,,,,,,fpepperillk@pbs.org,P6W3euXIw,Franny,,Pepperill,2287360968,,,,,,,,,,,,,,,,,,,,,,,
22,1,1,,,,,,kjesticol@aboutads.info,Uado472PBk,Kaja,,Jestico,2119448943,,,,,,,,,,,,,,,,,,,,,,,
23,1,2,,,,,,tscrannagem@bbb.org,LM5pV6cY,Tobey,,Scrannage,1838166688,,,,,,,,,,,,,,,,,,,,,,,
24,1,1,,,,,,jbriiginshawn@people.com.cn,gGt2uP195,Jaine,,Briiginshaw,6841991113,,,,,,,,,,,,,,,,,,,,,,,
25,1,1,,,,,,rcraisfordo@squidoo.com,UfrSmV79s,Roanne,,Craisford,4463223466,,,,,,,,,,,,,,,,,,,,,,,
26,1,1,,,,,,mstlegerp@edublogs.org,pe843XHrW,Maribel,,St Leger,7043513948,,,,,,,,,,,,,,,,,,,,,,,
27,1,2,,,,,,jegdellq@ebay.com,VToNG9O,Joy,,Egdell,6563176000,,,,,,,,,,,,,,,,,,,,,,,
28,1,1,,,,,,vdameiseler@sogou.com,XrAoHSj,Vanny,,Dameisele,3219966964,,,,,,,,,,,,,,,,,,,,,,,
29,1,1,,,,,,jblackboroughs@blogtalkradio.com,7U1PvmU,Josee,,Blackborough,4861926375,,,,,,,,,,,,,,,,,,,,,,,
30,1,1,,,,,,otuffleyt@marriott.com,Te3zCMdhk,Ozzie,,Tuffley,8692436454,,,,,,,,,,,,,,,,,,,,,,,
31,1,1,,,,,,hscampu@wikimedia.org,BImqMx4,Hilary,,Scamp,2593372249,,,,,,,,,,,,,,,,,,,,,,,
32,1,1,,,,,,mreveleyv@bbc.co.uk,ZP2wkQxHW,Maxine,,Reveley,5844121330,,,,,,,,,,,,,,,,,,,,,,,
33,1,1,,,,,,pbradnumw@wisc.edu,X70DErEd,Parker,,Bradnum,3767677760,,,,,,,,,,,,,,,,,,,,,,,
34,1,2,,,,,,tleattx@t-online.de,2WYXXP,Tana,,Leatt,6216274094,,,,,,,,,,,,,,,,,,,,,,,
35,0,1,,,,,,ecasebourney@slashdot.org,qnVjVPqnP8Nz,Ervin,,Casebourne,6657634924,,,,,,,,,,,,,,,,,,,,,,,
36,0,1,,,,,,mtinklinz@reddit.com,FvxI5lBlmuLx,Marietta,,Tinklin,5567225229,,,,,,,,,,,,,,,,,,,,,,,
37,1,1,,,,,,rchetwin10@miibeian.gov.cn,aegaBu,Ronald,,Chetwin,6209236192,,,,,,,,,,,,,,,,,,,,,,,
38,0,1,,,,,,otatnell11@telegraph.co.uk,rrFaWSJ5,Ofelia,,Tatnell,7249523702,,,,,,,,,,,,,,,,,,,,,,,
39,0,1,,,,,,kludgate12@photobucket.com,GCAMrjFW,Keane,,Ludgate,8315857437,,,,,,,,,,,,,,,,,,,,,,,
40,1,1,,,,,,smartschik13@amazon.de,oOBiezPhI,Sherilyn,,Martschik,2641742363,,,,,,,,,,,,,,,,,,,,,,,
41,0,2,,,,,,vrawsthorne14@cnet.com,kir8YyZD,Veronike,,Rawsthorne,8375472923,,,,,,,,,,,,,,,,,,,,,,,
42,1,1,,,,,,lflaverty15@whitehouse.gov,otfVUpMOPo,Lovell,,Flaverty,1957097260,,,,,,,,,,,,,,,,,,,,,,,
43,0,1,,,,,,awintle16@slashdot.org,WAxtFTTrGk,Aaron,,Wintle,3003156101,,,,,,,,,,,,,,,,,,,,,,,
44,1,1,,,,,,ncolliss17@businessinsider.com,Vvyk9uqHS1B,Newton,,Colliss,1069502233,,,,,,,,,,,,,,,,,,,,,,,
45,0,1,,,,,,dayers18@irs.gov,5rsa6lr,Desdemona,,Ayers,7888263947,,,,,,,,,,,,,,,,,,,,,,,
46,0,1,,,,,,asheryne19@behance.net,TKndBTH,Anderea,,Sheryne,1943601225,,,,,,,,,,,,,,,,,,,,,,,
47,1,1,,,,,,sdmitriev1a@ebay.co.uk,CIuayZRKs,Sybilla,,Dmitriev,4822770172,,,,,,,,,,,,,,,,,,,,,,,
48,1,2,,,,,,rteffrey1b@dailymotion.com,Kuv7ceCNBn,Rosene,,Teffrey,9372436839,,,,,,,,,,,,,,,,,,,,,,,
49,1,1,,,,,,mrabley1c@illinois.edu,2PR56YPE7YQw,Michel,,Rabley,1065938735,,,,,,,,,,,,,,,,,,,,,,,
50,0,2,,,,,,nraraty1d@moonfruit.com,TrUGXtwm,Nady,,Raraty,3939259868,,,,,,,,,,,,,,,,,,,,,,,
51,1,1,,,,,,mfridlington1e@dmoz.org,8hkKftmATT,Merridie,,Fridlington,9942926507,,,,,,,,,,,,,,,,,,,,,,,
52,0,1,,,,,,amurrill1f@hubpages.com,paUV9Y,Audre,,Murrill,5394598211,,,,,,,,,,,,,,,,,,,,,,,
53,1,1,,,,,,gguynemer1g@google.com.hk,jHhAfdSonb,Griselda,,Guynemer,2103519451,,,,,,,,,,,,,,,,,,,,,,,
54,1,1,,,,,,tmainland1h@examiner.com,Cm652vq,Tripp,,Mainland,8813725358,,,,,,,,,,,,,,,,,,,,,,,
55,1,2,,,,,,dspeares1i@i2i.jp,JXXgxE5U9U,Devin,,Speares,3272965265,,,,,,,,,,,,,,,,,,,,,,,
56,1,2,,,,,,cpennini1j@vistaprint.com,o4htk93,Cati,,Pennini,5792600199,,,,,,,,,,,,,,,,,,,,,,,
57,1,1,,,,,,dlitchmore1k@tumblr.com,907hCS,Dud,,Litchmore,1419646888,,,,,,,,,,,,,,,,,,,,,,,
58,1,1,,,,,,akoles1l@arizona.edu,dWJmEQGj,Annadiane,,Koles,1521973718,,,,,,,,,,,,,,,,,,,,,,,
59,1,1,,,,,,cblasl1m@deviantart.com,3eIBlq9jKE,Chlo,,Blasl,5866767492,,,,,,,,,,,,,,,,,,,,,,,
60,1,1,,,,,,mfrankham1n@people.com.cn,peM3CCShKZ,Mavis,,Frankham,7952770834,,,,,,,,,,,,,,,,,,,,,,,
61,1,1,,,,,,oabels1o@yelp.com,2Ai0Kr,Olivie,,Abels,2181510532,,,,,,,,,,,,,,,,,,,,,,,
62,1,1,,,,,,jandriveau1p@mashable.com,jjojuXr,Josiah,,Andriveau,4791969954,,,,,,,,,,,,,,,,,,,,,,,
63,1,1,,,,,,mmachon1q@usnews.com,5uy1UIkJB7,Merissa,,Machon,8709785926,,,,,,,,,,,,,,,,,,,,,,,
64,1,2,,,,,,jdmiterko1r@nydailynews.com,r7fF71jjkM,Jozef,,Dmiterko,,,,,,,,,,,,,,,,,,,,,,,,
65,1,1,,,,,,kbobasch1s@myspace.com,b8kMAr,Ker,,Bobasch,9128245333,,,,,,,,,,,,,,,,,,,,,,,
66,1,1,,,,,,cobert1t@studiopress.com,xzNm8VID,Cherry,,Obert,,,,,,,,,,,,,,,,,,,,,,,,
67,1,1,,,,,,sbrainsby1u@123-reg.co.uk,J46uao2xqMC,Stephine,,Brainsby,1543294624,,,,,,,,,,,,,,,,,,,,,,,
68,1,1,,,,,,rgrayley1v@bing.com,XSv2gFR,Riordan,,Grayley,9663973313,,,,,,,,,,,,,,,,,,,,,,,
69,1,1,,,,,,kchallice1w@artisteer.com,xecbnF,Karrie,,Challice,1429514071,,,,,,,,,,,,,,,,,,,,,,,
70,1,1,,,,,,lmulhall1x@constantcontact.com,erZqywPf6,Loralyn,,Mulhall,1067883626,,,,,,,,,,,,,,,,,,,,,,,
71,1,2,,,,,,ckordas1y@last.fm,A9JmqezJLTq,Charmain,,Kordas,7347167430,,,,,,,,,,,,,,,,,,,,,,,
72,1,1,,,,,,hdunnett1z@sohu.com,kjcbmYUBV,Heidie,,Dunnett,7486050568,,,,,,,,,,,,,,,,,,,,,,,
73,1,1,,,,,,ibuddington20@purevolume.com,R115S9c,Ingunna,,Buddington,1634476661,,,,,,,,,,,,,,,,,,,,,,,
74,1,1,,,,,,npoyzer21@nasa.gov,fS9tUsP,Norry,,Poyzer,8256826844,,,,,,,,,,,,,,,,,,,,,,,
75,1,1,,,,,,vlaughtisse22@ifeng.com,uysipZiMpEwj,Verile,,Laughtisse,4769789741,,,,,,,,,,,,,,,,,,,,,,,
76,1,1,,,,,,sfoottit23@timesonline.co.uk,9TwtZk7zo,Skipper,,Foottit,9117980100,,,,,,,,,,,,,,,,,,,,,,,
77,1,1,,,,,,estrodder24@lycos.com,7CN4KvRpG8,Enrichetta,,Strodder,5314025369,,,,,,,,,,,,,,,,,,,,,,,
78,1,2,,,,,,jtriggol25@usnews.com,rD71ZUvs,Joellen,,Triggol,9072897304,,,,,,,,,,,,,,,,,,,,,,,
79,1,1,,,,,,ccapner26@craigslist.org,iCaTVnZ,Cindelyn,,Capner,1445652064,,,,,,,,,,,,,,,,,,,,,,,
80,1,2,,,,,,asibly27@wikipedia.org,AuuRzK,Arther,,Sibly,5102388326,,,,,,,,,,,,,,,,,,,,,,,
81,1,1,,,,,,vdovinson28@google.ru,vbyS3Qi,Valry,,Dovinson,9711111488,,,,,,,,,,,,,,,,,,,,,,,
82,1,1,,,,,,oarrow29@so-net.ne.jp,pfJE7aNZ,Ora,,Arrow,4351186879,,,,,,,,,,,,,,,,,,,,,,,
83,1,1,,,,,,trobertucci2a@ox.ac.uk,yS9RCKE4,Torrence,,Robertucci,4542820273,,,,,,,,,,,,,,,,,,,,,,,
84,1,1,,,,,,atupp2b@blogtalkradio.com,4ANILxdsw7,Alard,,Tupp,7319450061,,,,,,,,,,,,,,,,,,,,,,,
85,1,2,,,,,,lpettifor2c@dailymotion.com,Ux0A7RS8yy,Lyon,,Pettifor,8655392871,,,,,,,,,,,,,,,,,,,,,,,
86,1,2,,,,,,tpeasey2d@quantcast.com,kn9NnRQ,Theobald,,Peasey,3485915805,,,,,,,,,,,,,,,,,,,,,,,
87,1,1,,,,,,nduchant2e@flavors.me,qId06eNfKy,Nev,,Duchant,7983930798,,,,,,,,,,,,,,,,,,,,,,,
88,1,1,,,,,,awhannel2f@163.com,V0lhKjJsNVh,Arlan,,Whannel,7053099042,,,,,,,,,,,,,,,,,,,,,,,
89,1,1,,,,,,agothliff2g@cargocollective.com,YJHw9A3f9HJa,Ashbey,,Gothliff,9135540104,,,,,,,,,,,,,,,,,,,,,,,
90,1,1,,,,,,sshugg2h@bloglovin.com,PRlIJiD,Stanislaw,,Shugg,4786968222,,,,,,,,,,,,,,,,,,,,,,,
91,1,1,,,,,,adebenham2i@mediafire.com,QgV2ORtFU,Armstrong,,Debenham,5761998627,,,,,,,,,,,,,,,,,,,,,,,
92,1,1,,,,,,nhanney2j@barnesandnoble.com,jhNPkSWivD48,Nadiya,,Hanney,5868590624,,,,,,,,,,,,,,,,,,,,,,,
93,1,1,,,,,,ckirtland2k@jiathis.com,PJORn4gg8,Cameron,,Kirtland,2116255190,,,,,,,,,,,,,,,,,,,,,,,
94,1,2,,,,,,vobrian2l@infoseek.co.jp,waQhPv2AB,Veda,,O' Brian,1054174808,,,,,,,,,,,,,,,,,,,,,,,
95,1,1,,,,,,shesey2m@tinypic.com,QDSGU1xn20Q,Stacee,,Hesey,3109028690,,,,,,,,,,,,,,,,,,,,,,,
96,1,1,,,,,,cbarrowclough2n@fotki.com,kNmHRWll,Cathe,,Barrowclough,,,,,,,,,,,,,,,,,,,,,,,,
97,1,1,,,,,,momurtagh2o@nifty.com,xsKxy3T,Magda,,O'Murtagh,2341803471,,,,,,,,,,,,,,,,,,,,,,,
98,1,1,,,,,,awark2p@yolasite.com,NgkxAk,Aimee,,Wark,5711141277,,,,,,,,,,,,,,,,,,,,,,,
99,1,1,,,,,,odahl2q@yellowbook.com,EI12v74G1b3,Othella,,Dahl,3458026223,,,,,,,,,,,,,,,,,,,,,,,
100,1,2,,,,,,nbartolic2r@china.com.cn,GwynxgMHf,Norry,,Bartolic,2834575497,,,,,,,,,,,,,,,,,,,,,,,
101,1,1,,,,,,xlandon2s@meetup.com,lgbdBxpo,Xavier,,Landon,8731319101,,,,,,,,,,,,,,,,,,,,,,,
102,1,1,,,,,,bwerlock2t@sina.com.cn,YeVdXCD,Brana,,Werlock,3228103647,,,,,,,,,,,,,,,,,,,,,,,
103,1,1,,,,,,smartinek2u@desdev.cn,tulppKKEbwBc,Sullivan,,Martinek,9338270582,,,,,,,,,,,,,,,,,,,,,,,
104,1,1,,,,,,acaush2v@delicious.com,lQ5PL95Pt,Alyssa,,Caush,7905730377,,,,,,,,,,,,,,,,,,,,,,,
105,1,1,,,,,,ddanett2w@wp.com,3Zk0ZVffC,Dane,,Danett,6167341092,,,,,,,,,,,,,,,,,,,,,,,
106,1,1,,,,,,zocrevan2x@goo.ne.jp,W3F8926,Zollie,,O'Crevan,6062535456,,,,,,,,,,,,,,,,,,,,,,,
107,1,1,,,,,,gbolin2y@newyorker.com,YSsxHMYq2,Godwin,,Bolin,5888271704,,,,,,,,,,,,,,,,,,,,,,,
108,1,1,,,,,,rsearjeant2z@wordpress.org,3zwnhyxb03C,Rici,,Searjeant,7639861075,,,,,,,,,,,,,,,,,,,,,,,
109,1,1,,,,,,mranson30@boston.com,9vZTdpGHEmjd,Myrtia,,Ranson,6728970475,,,,,,,,,,,,,,,,,,,,,,,
110,1,1,,,,,,nolivelli31@fastcompany.com,UgVp1x,Naomi,,Olivelli,9391699623,,,,,,,,,,,,,,,,,,,,,,,
111,1,1,,,,,,dbachshell32@vkontakte.ru,R2Y19fj7NT,Daffi,,Bachshell,7736706294,,,,,,,,,,,,,,,,,,,,,,,
112,1,1,,,,,,splatfoot33@blinklist.com,aGRbSHi,Shandy,,Platfoot,9972885679,,,,,,,,,,,,,,,,,,,,,,,
113,1,1,,,,,,jcrowhurst34@dell.com,bEqbz7FmBKa,Jaymee,,Crowhurst,4811391062,,,,,,,,,,,,,,,,,,,,,,,
114,1,2,,,,,,fmocquer35@businesswire.com,c2PtVZAw25,Francklin,,Mocquer,4945290354,,,,,,,,,,,,,,,,,,,,,,,
115,1,1,,,,,,strueman36@who.int,pbL3wm,Sinclair,,Trueman,4019375490,,,,,,,,,,,,,,,,,,,,,,,
116,1,1,,,,,,gbunworth37@state.tx.us,vTJqLx4r7vA,Geri,,Bunworth,4917791593,,,,,,,,,,,,,,,,,,,,,,,
117,1,1,,,,,,fhuskinson38@newsvine.com,aWnbcj,Fletch,,Huskinson,1426030897,,,,,,,,,,,,,,,,,,,,,,,
118,1,2,,,,,,rballingal39@miitbeian.gov.cn,xLcH5Rz,Richart,,Ballingal,7604357722,,,,,,,,,,,,,,,,,,,,,,,
119,1,1,,,,,,dschaffler3a@fc2.com,N9HzlXO6ef,Dyanna,,Schaffler,3116128529,,,,,,,,,,,,,,,,,,,,,,,
120,1,1,,,,,,thavis3b@squarespace.com,iZdVDaI,Townie,,Havis,3327029738,,,,,,,,,,,,,,,,,,,,,,,
121,1,1,,,,,,hdankov3c@mit.edu,0tIxpSapwaCO,Harlen,,Dankov,9273483613,,,,,,,,,,,,,,,,,,,,,,,
122,1,1,,,,,,bsetterthwait3d@wufoo.com,94OoDY6O,Barrett,,Setterthwait,1448390214,,,,,,,,,,,,,,,,,,,,,,,
123,1,2,,,,,,lyglesia3e@nature.com,uWvaE7P1se,Lorie,,Yglesia,3536359440,,,,,,,,,,,,,,,,,,,,,,,
124,1,1,,,,,,chandling3f@live.com,cJjhpt,Cyndy,,Handling,5701887647,,,,,,,,,,,,,,,,,,,,,,,
125,1,1,,,,,,galtree3g@hostgator.com,T0Z335BaU,Guillemette,,Altree,5624022250,,,,,,,,,,,,,,,,,,,,,,,
126,1,1,,,,,,rbattany3h@adobe.com,ImVtyxhrM5,Rene,,Battany,9853756684,,,,,,,,,,,,,,,,,,,,,,,
127,1,2,,,,,,vdeerness3i@wunderground.com,Dwd9vPELh,Vicki,,Deerness,9736597715,,,,,,,,,,,,,,,,,,,,,,,
128,1,1,,,,,,cvannar3j@baidu.com,YbTNqxlg1l5h,Carlie,,Vannar,4079079981,,,,,,,,,,,,,,,,,,,,,,,
129,1,1,,,,,,rpleager3k@so-net.ne.jp,dRGB1p9I9rjE,Rowena,,Pleager,1194674080,,,,,,,,,,,,,,,,,,,,,,,
130,1,1,,,,,,nredferne3l@wix.com,KLB9lTKxQpLv,Natalee,,Redferne,2806460685,,,,,,,,,,,,,,,,,,,,,,,
131,1,1,,,,,,agosselin3m@cbslocal.com,P9LQEOA7,Ariana,,Gosselin,2859078604,,,,,,,,,,,,,,,,,,,,,,,
132,1,1,,,,,,kheasley3n@google.ru,D3HcEl0L,Kalie,,Heasley,3926453954,,,,,,,,,,,,,,,,,,,,,,,
133,1,1,,,,,,dfillis3o@1und1.de,1QmMrq5Qr,Dickie,,Fillis,8023729076,,,,,,,,,,,,,,,,,,,,,,,
134,1,2,,,,,,bmclelland3p@soup.io,X6MPjBgAL9bP,Brynna,,McLelland,6487117396,,,,,,,,,,,,,,,,,,,,,,,
135,1,1,,,,,,savramovich3q@cbsnews.com,6IXK2WQcuj4o,Stephana,,Avramovich,9688011224,,,,,,,,,,,,,,,,,,,,,,,
136,1,1,,,,,,csparshott3r@typepad.com,OMB2xQFN,Cheston,,Sparshott,1189327605,,,,,,,,,,,,,,,,,,,,,,,
137,1,1,,,,,,morys3s@sitemeter.com,IoRY6FGIHXO,Moira,,Orys,,,,,,,,,,,,,,,,,,,,,,,,
138,1,1,,,,,,gmattiazzo3t@google.co.jp,TvM9yxMqKlu,Gill,,Mattiazzo,9166134539,,,,,,,,,,,,,,,,,,,,,,,
139,1,1,,,,,,cmarshal3u@java.com,WKZCyk,Conchita,,Marshal,7677102361,,,,,,,,,,,,,,,,,,,,,,,
140,1,1,,,,,,gmottershaw3v@i2i.jp,vQ9rh4Ew,Genia,,Mottershaw,5287392283,,,,,,,,,,,,,,,,,,,,,,,
141,1,2,,,,,,atomasutti3w@dell.com,Xg6nqRGG,Ariel,,Tomasutti,6362108425,,,,,,,,,,,,,,,,,,,,,,,
142,1,1,,,,,,cfolds3x@marriott.com,dA5NkVWjD1,Cory,,Folds,8597004761,,,,,,,,,,,,,,,,,,,,,,,
143,1,1,,,,,,rrickerby3y@umn.edu,CjWXdgS4v9u,Ranee,,Rickerby,6151488431,,,,,,,,,,,,,,,,,,,,,,,
144,1,1,,,,,,tbignall3z@xing.com,ya8hm87oiT,Tilly,,Bignall,4322855679,,,,,,,,,,,,,,,,,,,,,,,
145,1,1,,,,,,bwaterman40@hugedomains.com,EhY5tII,Beverie,,Waterman,5011455348,,,,,,,,,,,,,,,,,,,,,,,
146,1,1,,,,,,sjuliano41@walmart.com,fBQE4613B,Sadella,,Juliano,2621064674,,,,,,,,,,,,,,,,,,,,,,,
147,1,1,,,,,,glawly42@reference.com,c1YsBHRqCQIU,Gizela,,Lawly,8349816907,,,,,,,,,,,,,,,,,,,,,,,
148,1,2,,,,,,ejukubczak43@marketwatch.com,3tZBEBfddm,Estell,,Jukubczak,9473732393,,,,,,,,,,,,,,,,,,,,,,,
149,1,1,,,,,,mbarnsley44@microsoft.com,gNUoiaqC,Mavra,,Barnsley,3951900472,,,,,,,,,,,,,,,,,,,,,,,
150,1,2,,,,,,dtatteshall45@google.nl,oedKbic,Debi,,Tatteshall,1339684092,,,,,,,,,,,,,,,,,,,,,,,
151,1,1,,,,,,chowchin46@nasa.gov,c3zFeAi1FDT,Chilton,,Howchin,8843405524,,,,,,,,,,,,,,,,,,,,,,,
152,1,1,,,,,,eplumbley47@blogger.com,Wylp6WA5cXF,Erinn,,Plumbley,2407146015,,,,,,,,,,,,,,,,,,,,,,,
153,1,1,,,,,,kcastenda48@tamu.edu,OIZZKuuXs,Kylie,,Castenda,3686981353,,,,,,,,,,,,,,,,,,,,,,,
154,1,1,,,,,,jokelly49@bandcamp.com,8vMa6F,Josepha,,O'Kelly,3549024387,,,,,,,,,,,,,,,,,,,,,,,
155,1,2,,,,,,fshakespeare4a@huffingtonpost.com,2WpBCD,Franz,,Shakespeare,8127907346,,,,,,,,,,,,,,,,,,,,,,,
156,1,2,,,,,,lbrion4b@merriam-webster.com,LijMXViG,Lucius,,Brion,1608062878,,,,,,,,,,,,,,,,,,,,,,,
157,1,1,,,,,,lbockmaster4c@topsy.com,2Fv5nnOZr,Laurette,,Bockmaster,4805107447,,,,,,,,,,,,,,,,,,,,,,,
158,1,1,,,,,,jreimer4d@illinois.edu,VyhJuNy,Jasmine,,Reimer,4022354952,,,,,,,,,,,,,,,,,,,,,,,
159,1,1,,,,,,trubrow4e@yale.edu,oGuvm4i2Aqab,Truman,,Rubrow,5756124002,,,,,,,,,,,,,,,,,,,,,,,
160,1,1,,,,,,mratnage4f@europa.eu,6avUoFlx9fo,Melantha,,Ratnage,7681161784,,,,,,,,,,,,,,,,,,,,,,,
161,1,1,,,,,,tdowngate4g@meetup.com,TvaRs7xy59,Trudey,,Downgate,6769005910,,,,,,,,,,,,,,,,,,,,,,,
162,1,1,,,,,,mthomtson4h@spotify.com,7FP3Bf50,Maisie,,Thomtson,9905216726,,,,,,,,,,,,,,,,,,,,,,,
163,1,1,,,,,,clace4i@usda.gov,0MD41brFlH,Callida,,Lace,1727668219,,,,,,,,,,,,,,,,,,,,,,,
164,1,2,,,,,,mlutz4j@marketwatch.com,J2o4vRA8,Marcel,,Lutz,5084516165,,,,,,,,,,,,,,,,,,,,,,,
165,1,1,,,,,,iedmons4k@storify.com,r2qbXcf47,Iosep,,Edmons,2742469515,,,,,,,,,,,,,,,,,,,,,,,
166,1,1,,,,,,mbank4l@fc2.com,KY2zO3j,Mata,,Bank,1156190381,,,,,,,,,,,,,,,,,,,,,,,
167,1,1,,,,,,itocqueville4m@goo.ne.jp,bAcVCv0,Ilyse,,Tocqueville,8666512623,,,,,,,,,,,,,,,,,,,,,,,
168,1,1,,,,,,abellew4n@youku.com,pmqOmxMNbU8,Aimee,,Bellew,6936351712,,,,,,,,,,,,,,,,,,,,,,,
169,1,1,,,,,,mcantos4o@google.co.uk,jV4zUMq7G,Malissa,,Cantos,9554383957,,,,,,,,,,,,,,,,,,,,,,,
170,1,1,,,,,,sbrealey4p@google.fr,ER6RSxHgc6m,Sigfried,,Brealey,5821749514,,,,,,,,,,,,,,,,,,,,,,,
171,1,2,,,,,,stoplin4q@altervista.org,U92Sdnc,Silvano,,Toplin,3677291732,,,,,,,,,,,,,,,,,,,,,,,
172,1,1,,,,,,bbeausang4r@tuttocitta.it,wlOIk2,Brear,,Beausang,4971074616,,,,,,,,,,,,,,,,,,,,,,,
173,1,1,,,,,,awhyard4s@pinterest.com,jwA7WJz,Angela,,Whyard,6605806467,,,,,,,,,,,,,,,,,,,,,,,
174,1,1,,,,,,chess4t@themeforest.net,obGRKA9R,Claudette,,Hess,4522113589,,,,,,,,,,,,,,,,,,,,,,,
175,1,1,,,,,,atabart4u@utexas.edu,gfShVK5O1,Antonius,,Tabart,,,,,,,,,,,,,,,,,,,,,,,,
176,1,1,,,,,,lkeniwell4v@princeton.edu,xTDL7LGrZ,Leone,,Keniwell,8039307098,,,,,,,,,,,,,,,,,,,,,,,
177,1,1,,,,,,bodriscoll4w@oakley.com,m2d6QA2rB,Birgitta,,O' Driscoll,5364575142,,,,,,,,,,,,,,,,,,,,,,,
178,1,2,,,,,,tsalzburger4x@google.pl,OubjzOVV3g,Tobie,,Salzburger,2526995730,,,,,,,,,,,,,,,,,,,,,,,
179,1,1,,,,,,mosman4y@google.it,aUPqjCwOVSQ,Marci,,Osman,5061150074,,,,,,,,,,,,,,,,,,,,,,,
180,1,2,,,,,,hburchatt4z@furl.net,l8NzHz,Humberto,,Burchatt,2977110026,,,,,,,,,,,,,,,,,,,,,,,
181,1,1,,,,,,afauning50@nydailynews.com,TwnMEiP7z5,Alden,,Fauning,8024855966,,,,,,,,,,,,,,,,,,,,,,,
182,1,1,,,,,,dinston51@harvard.edu,lQBhMw,Domeniga,,Inston,2909317419,,,,,,,,,,,,,,,,,,,,,,,
183,1,1,,,,,,tlemarchand52@illinois.edu,43PoWaq2I,Thorsten,,Le Marchand,6662134389,,,,,,,,,,,,,,,,,,,,,,,
184,1,1,,,,,,lnickoll53@last.fm,5WUYQkg05yl,Lyndsay,,Nickoll,6331234159,,,,,,,,,,,,,,,,,,,,,,,
185,1,2,,,,,,gmccarthy54@nba.com,qQzn0uMQ89,Germayne,,McCarthy,,,,,,,,,,,,,,,,,,,,,,,,
186,1,2,,,,,,rpaudin55@paypal.com,pZFU1jC3oL,Reg,,Paudin,8749723616,,,,,,,,,,,,,,,,,,,,,,,
187,1,1,,,,,,dnyland56@bravesites.com,x2MH6APK6Jj,Dionne,,Nyland,3262912419,,,,,,,,,,,,,,,,,,,,,,,
188,1,1,,,,,,ifrusher57@reuters.com,BAObBg9sjvaZ,Inglebert,,Frusher,9799510894,,,,,,,,,,,,,,,,,,,,,,,
189,1,1,,,,,,drobbins58@g.co,YiisTfO4qvZD,Dorelia,,Robbins,3653843335,,,,,,,,,,,,,,,,,,,,,,,
190,1,1,,,,,,tholwell59@who.int,GwiAZlKrcz,Tootsie,,Holwell,2997136410,,,,,,,,,,,,,,,,,,,,,,,
191,1,1,,,,,,lgagin5a@dyndns.org,Nz5ss0YPe,Lon,,Gagin,9499600826,,,,,,,,,,,,,,,,,,,,,,,
192,1,1,,,,,,gfackney5b@hhs.gov,xZvMrRu,Glendon,,Fackney,2042421698,,,,,,,,,,,,,,,,,,,,,,,
193,1,1,,,,,,rgalea5c@rediff.com,0SAGCpvF,Riki,,Galea,4905931200,,,,,,,,,,,,,,,,,,,,,,,
194,1,2,,,,,,dmcleary5d@soup.io,jAKV4hbvn,Dulce,,McLeary,8568814069,,,,,,,,,,,,,,,,,,,,,,,
195,1,1,,,,,,wguyonnet5e@behance.net,vvpe188,Wenonah,,Guyonnet,3784227886,,,,,,,,,,,,,,,,,,,,,,,
196,1,1,,,,,,mcathersides5f@cnn.com,hSNllTgnOU,Matthus,,Cathersides,1069623467,,,,,,,,,,,,,,,,,,,,,,,
197,1,1,,,,,,gtoomer5g@naver.com,AmV34K5V4,Gertruda,,Toomer,7525121123,,,,,,,,,,,,,,,,,,,,,,,
198,1,1,,,,,,olosel5h@ihg.com,nfAn7wZcO,Ofella,,Losel,,,,,,,,,,,,,,,,,,,,,,,,
199,1,1,,,,,,sweatherdon5i@4shared.com,lkNqP0aD,Sondra,,Weatherdon,5783333908,,,,,,,,,,,,,,,,,,,,,,,
200,1,2,,,,,,scleall5j@behance.net,GreaMbHUtk,Susann,,Cleall,4852449742,,,,,,,,,,,,,,,,,,,,,,,
201,1,1,,,,,,lshergold5k@chicagotribune.com,0z8TYzlO2VY,Lea,,Shergold,6553813189,,,,,,,,,,,,,,,,,,,,,,,
202,1,1,,,,,,cpindell5l@infoseek.co.jp,9T9Vs1,Corrie,,Pindell,8601781621,,,,,,,,,,,,,,,,,,,,,,,
203,1,1,,,,,,cthatcham5m@macromedia.com,lFhlySGdpwgE,Clerc,,Thatcham,2302897760,,,,,,,,,,,,,,,,,,,,,,,
204,1,1,,,,,,sandriesse5n@sitemeter.com,3mURY8I,Shelbi,,Andriesse,8118116195,,,,,,,,,,,,,,,,,,,,,,,
205,1,1,,,,,,seastham5o@shop-pro.jp,oiCoz8,Skelly,,Eastham,8931616398,,,,,,,,,,,,,,,,,,,,,,,
206,1,1,,,,,,alesek5p@sakura.ne.jp,Vj3lp4,Ame,,Lesek,4426040334,,,,,,,,,,,,,,,,,,,,,,,
207,1,1,,,,,,aquiddinton5q@auda.org.au,3tMgvu6Vl,Antony,,Quiddinton,1617086544,,,,,,,,,,,,,,,,,,,,,,,
208,1,1,,,,,,abarens5r@gnu.org,va12Icm,Abbie,,Barens,1987265474,,,,,,,,,,,,,,,,,,,,,,,
209,1,1,,,,,,kkase5s@phpbb.com,DHmMZB,Katlin,,Kase,2823906744,,,,,,,,,,,,,,,,,,,,,,,
210,1,1,,,,,,nrichen5t@newsvine.com,oFdjc4K,Natty,,Richen,8009180755,,,,,,,,,,,,,,,,,,,,,,,
211,1,1,,,,,,sarmes5u@wunderground.com,rifv3ha,Shannon,,Armes,9903660508,,,,,,,,,,,,,,,,,,,,,,,
212,1,1,,,,,,lbuglass5v@state.gov,w6OO6UH,Leola,,Buglass,5625966717,,,,,,,,,,,,,,,,,,,,,,,
213,1,1,,,,,,nberkley5w@elegantthemes.com,f0NyYPAXUEW,Nevsa,,Berkley,5038404332,,,,,,,,,,,,,,,,,,,,,,,
214,1,2,,,,,,voverlow5x@shop-pro.jp,Ko0xmFPxuR4H,Verge,,Overlow,6351039350,,,,,,,,,,,,,,,,,,,,,,,
215,1,1,,,,,,dmccosh5y@amazon.com,JTAqJl95,Darrick,,McCosh,9451298715,,,,,,,,,,,,,,,,,,,,,,,
216,1,1,,,,,,cducker5z@whitehouse.gov,YTgymjjomCMP,Chauncey,,Ducker,2198588558,,,,,,,,,,,,,,,,,,,,,,,
217,1,1,,,,,,istenson60@blinklist.com,UshHCRT,Isaac,,Stenson,8938669118,,,,,,,,,,,,,,,,,,,,,,,
218,1,2,,,,,,mmorehall61@nytimes.com,hNOYFJR,Maryrose,,Morehall,8821125903,,,,,,,,,,,,,,,,,,,,,,,
219,1,1,,,,,,mducker62@ask.com,LrBBEhZB,Milly,,Ducker,2608756566,,,,,,,,,,,,,,,,,,,,,,,
220,1,1,,,,,,lmacvanamy63@mozilla.org,JJSgnB14ixpX,Lucretia,,MacVanamy,8961226594,,,,,,,,,,,,,,,,,,,,,,,
221,1,1,,,,,,mscotland64@cbslocal.com,zjuBzQbyW,Mortie,,Scotland,3454575979,,,,,,,,,,,,,,,,,,,,,,,
222,1,1,,,,,,kcowwell65@apache.org,BCeTOMfwpi4,Ketti,,Cowwell,5386100628,,,,,,,,,,,,,,,,,,,,,,,
223,1,2,,,,,,tblanket66@symantec.com,kwU7ycawH1PO,Teri,,Blanket,8618160861,,,,,,,,,,,,,,,,,,,,,,,
224,1,1,,,,,,pholberry67@odnoklassniki.ru,fB7yBed3,Pearce,,Holberry,2403089011,,,,,,,,,,,,,,,,,,,,,,,
225,1,1,,,,,,gnicholson68@woothemes.com,ahJ8VMvQ,Gabriella,,Nicholson,4721662366,,,,,,,,,,,,,,,,,,,,,,,
226,1,1,,,,,,mdickon69@smugmug.com,cypwaaIBd3uC,Meryl,,Dickon,4341935867,,,,,,,,,,,,,,,,,,,,,,,
227,1,2,,,,,,cdarnbrough6a@homestead.com,lUow7nkIV,Cori,,Darnbrough,4207492370,,,,,,,,,,,,,,,,,,,,,,,
228,1,1,,,,,,bmccrostie6b@irs.gov,oABJiSzn1Jz,Benedikta,,McCrostie,2194583303,,,,,,,,,,,,,,,,,,,,,,,
229,1,1,,,,,,kbrimming6c@harvard.edu,GRTOwylqKpfA,Katerine,,Brimming,3824434766,,,,,,,,,,,,,,,,,,,,,,,
230,1,1,,,,,,whouselee6d@dion.ne.jp,dUPD0nEylRm,William,,Houselee,3907326975,,,,,,,,,,,,,,,,,,,,,,,
231,1,1,,,,,,lgawne6e@studiopress.com,ZBJbczidMP,Licha,,Gawne,2746771781,,,,,,,,,,,,,,,,,,,,,,,
232,1,1,,,,,,dsmallridge6f@newsvine.com,lP7Pek3k787Y,Dee dee,,Smallridge,3059251960,,,,,,,,,,,,,,,,,,,,,,,
233,1,1,,,,,,pkrollman6g@wordpress.com,6J4v1NRMJ,Poul,,Krollman,2619227448,,,,,,,,,,,,,,,,,,,,,,,
234,1,2,,,,,,lmawtus6h@furl.net,iI05HfLC,Leila,,Mawtus,2197570793,,,,,,,,,,,,,,,,,,,,,,,
235,1,1,,,,,,mholdren6i@skype.com,aF93gf1iYIv4,Manfred,,Holdren,9284601958,,,,,,,,,,,,,,,,,,,,,,,
236,1,1,,,,,,rgegg6j@answers.com,mzyWRS4f3gKe,Rhett,,Gegg,6766195852,,,,,,,,,,,,,,,,,,,,,,,
237,1,1,,,,,,ochater6k@umich.edu,YWk1W2940HWe,Opaline,,Chater,5747439147,,,,,,,,,,,,,,,,,,,,,,,
238,1,1,,,,,,epaoli6l@dropbox.com,ROjEINP0,Edi,,Paoli,8407364972,,,,,,,,,,,,,,,,,,,,,,,
239,1,1,,,,,,bdaft6m@baidu.com,TmHkDx8,Bernete,,Daft,4476532275,,,,,,,,,,,,,,,,,,,,,,,
240,1,1,,,,,,mbernocchi6n@ox.ac.uk,kQlnSh0C2gqV,Milo,,Bernocchi,7102056041,,,,,,,,,,,,,,,,,,,,,,,
241,1,2,,,,,,kforgie6o@auda.org.au,j4Ba4n,Kare,,Forgie,3678875224,,,,,,,,,,,,,,,,,,,,,,,
242,1,1,,,,,,estodd6p@deviantart.com,kujAnkh8,Edik,,Stodd,3514279367,,,,,,,,,,,,,,,,,,,,,,,
243,1,1,,,,,,lgarratty6q@cornell.edu,uMP8INYf,Louis,,Garratty,8222712750,,,,,,,,,,,,,,,,,,,,,,,
244,1,1,,,,,,bspancock6r@ebay.co.uk,Sp4EvMXxJ5B,Brit,,Spancock,4588498543,,,,,,,,,,,,,,,,,,,,,,,
245,1,1,,,,,,svalentinuzzi6s@discuz.net,PU3oLEKrh,Shirlee,,Valentinuzzi,4103102738,,,,,,,,,,,,,,,,,,,,,,,
246,1,1,,,,,,iwoollin6t@weather.com,Pr8ORHZY0EZD,Irene,,Woollin,9419532952,,,,,,,,,,,,,,,,,,,,,,,
247,1,1,,,,,,oliddiard6u@wikimedia.org,1J7NO9Cp,Odey,,Liddiard,1883104032,,,,,,,,,,,,,,,,,,,,,,,
248,1,2,,,,,,kduffil6v@prnewswire.com,2xfTnx69rS,Kettie,,Duffil,6787367510,,,,,,,,,,,,,,,,,,,,,,,
249,1,1,,,,,,edobkin6w@goodreads.com,zZzZGGC,Evy,,Dobkin,6131697760,,,,,,,,,,,,,,,,,,,,,,,
250,1,2,,,,,,kstilldale6x@ocn.ne.jp,suquEL,Kendall,,Stilldale,8156462620,,,,,,,,,,,,,,,,,,,,,,,
251,1,1,,,,,,bcrowth6y@indiegogo.com,munaOs,Beatrix,,Crowth,1046421822,,,,,,,,,,,,,,,,,,,,,,,
252,1,1,,,,,,wguyonnet6z@engadget.com,hTqV25v,Wald,,Guyonnet,7016649929,,,,,,,,,,,,,,,,,,,,,,,
253,1,1,,,,,,kdalgliesh70@mashable.com,qn6SenD0U,Kerk,,Dalgliesh,4613459497,,,,,,,,,,,,,,,,,,,,,,,
254,1,1,,,,,,cvasilchenko71@domainmarket.com,rsH46lmbXFax,Catlee,,Vasilchenko,6857346720,,,,,,,,,,,,,,,,,,,,,,,
255,1,2,,,,,,esiddeley72@drupal.org,ukFmjQtZ9,Evyn,,Siddeley,8172907777,,,,,,,,,,,,,,,,,,,,,,,
256,1,2,,,,,,kbunyard73@seattletimes.com,6mdj0UHHOS,Kermie,,Bunyard,4198752799,,,,,,,,,,,,,,,,,,,,,,,
257,1,1,,,,,,nkellart74@harvard.edu,BSxxe0as,Nobe,,Kellart,5574246699,,,,,,,,,,,,,,,,,,,,,,,
258,1,1,,,,,,mlodeke75@senate.gov,r0zfxz39al,Michal,,Lodeke,2488766639,,,,,,,,,,,,,,,,,,,,,,,
259,1,1,,,,,,kloughlin76@icq.com,3WYih2OK,Kent,,Loughlin,9139350522,,,,,,,,,,,,,,,,,,,,,,,
260,1,1,,,,,,lmellodey77@ameblo.jp,Yt9fEDoeEi,Lina,,Mellodey,3326530782,,,,,,,,,,,,,,,,,,,,,,,
261,1,1,,,,,,rlemmon78@uol.com.br,lGCsolvjKOip,Revkah,,Lemmon,2735244762,,,,,,,,,,,,,,,,,,,,,,,
262,1,1,,,,,,dballendine79@sciencedirect.com,2zkgRIQbs,Darrick,,Ballendine,3579544593,,,,,,,,,,,,,,,,,,,,,,,
263,1,1,,,,,,bbartoszek7a@cocolog-nifty.com,87Ba55J,Brandise,,Bartoszek,7911225546,,,,,,,,,,,,,,,,,,,,,,,
264,1,2,,,,,,zdavidde7b@e-recht24.de,VXCvyNkVgA,Zea,,Davidde,8916529940,,,,,,,,,,,,,,,,,,,,,,,
265,1,1,,,,,,ogreenshiels7c@dedecms.com,DzNsyrsVaUd,Octavius,,Greenshiels,2269541322,,,,,,,,,,,,,,,,,,,,,,,
266,1,1,,,,,,spaddy7d@baidu.com,cdgpndCTUm,Swen,,Paddy,7966153785,,,,,,,,,,,,,,,,,,,,,,,
267,1,1,,,,,,rkinnane7e@buzzfeed.com,jy7FDOV1SgPm,Rancell,,Kinnane,8569118544,,,,,,,,,,,,,,,,,,,,,,,
268,1,1,,,,,,lyuryev7f@washington.edu,kktyuMAqbsr,Layla,,Yuryev,2625063831,,,,,,,,,,,,,,,,,,,,,,,
269,1,1,,,,,,kkivell7g@google.nl,JbdoVnzg,Kerr,,Kivell,3672800311,,,,,,,,,,,,,,,,,,,,,,,
270,1,1,,,,,,ablainey7h@acquirethisname.com,hiPpDrsus,Aldis,,Blainey,8695619038,,,,,,,,,,,,,,,,,,,,,,,
271,1,2,,,,,,arudkin7i@meetup.com,J2V5cbpF,Augustus,,Rudkin,5548113203,,,,,,,,,,,,,,,,,,,,,,,
272,1,1,,,,,,garnault7j@edublogs.org,P3VaouAEEU5,Geordie,,Arnault,9633206224,,,,,,,,,,,,,,,,,,,,,,,
273,1,1,,,,,,glehrmann7k@phpbb.com,DTtY1tuVR,Giorgia,,Lehrmann,5315869161,,,,,,,,,,,,,,,,,,,,,,,
274,1,1,,,,,,adyerson7l@alexa.com,hSgH2HoQhO,Aldous,,Dyerson,5437929499,,,,,,,,,,,,,,,,,,,,,,,
275,1,1,,,,,,igavey7m@flickr.com,A0rHLqMDALwj,Inglis,,Gavey,2768251760,,,,,,,,,,,,,,,,,,,,,,,
276,1,1,,,,,,ylillo7n@meetup.com,hp4E9G,Yancy,,Lillo,2173747735,,,,,,,,,,,,,,,,,,,,,,,
277,1,1,,,,,,cglencrash7o@ovh.net,3Cfk4ZW,Codie,,Glencrash,,,,,,,,,,,,,,,,,,,,,,,,
278,1,2,,,,,,jlaise7p@mozilla.org,9yFZ35Sebc,Josi,,Laise,7213020674,,,,,,,,,,,,,,,,,,,,,,,
279,1,1,,,,,,cmerrilees7q@dmoz.org,NGco4NjRV0,Cleveland,,Merrilees,9566586366,,,,,,,,,,,,,,,,,,,,,,,
280,1,2,,,,,,tgodding7r@unblog.fr,7YfFBDu,Theadora,,Godding,5474766671,,,,,,,,,,,,,,,,,,,,,,,
281,1,1,,,,,,ggregol7s@sohu.com,qHdmhUb,Gabbie,,Gregol,2705098327,,,,,,,,,,,,,,,,,,,,,,,
282,1,1,,,,,,cpratley7t@aboutads.info,KETyp3p,Chiquita,,Pratley,,,,,,,,,,,,,,,,,,,,,,,,
283,1,1,,,,,,gspeachley7u@mac.com,3fTYSNzJVG,Gisele,,Speachley,9973457648,,,,,,,,,,,,,,,,,,,,,,,
284,1,1,,,,,,cthomson7v@soundcloud.com,81hWRCwccwA,Cos,,Thomson,2336351774,,,,,,,,,,,,,,,,,,,,,,,
285,1,2,,,,,,mmoreinis7w@angelfire.com,zYEBG4dCdZ,Mitchael,,Moreinis,3788071236,,,,,,,,,,,,,,,,,,,,,,,
286,1,2,,,,,,chulles7x@prlog.org,Xd9hjmnBz1n,Calvin,,Hulles,8784123064,,,,,,,,,,,,,,,,,,,,,,,
287,1,1,,,,,,vbarraclough7y@weather.com,FNqZPjEmRt,Vinita,,Barraclough,6307553239,,,,,,,,,,,,,,,,,,,,,,,
288,1,1,,,,,,jdunniom7z@nasa.gov,COsA7ibh3inq,Jethro,,Dunniom,8292384722,,,,,,,,,,,,,,,,,,,,,,,
289,1,1,,,,,,tclerk80@youtube.com,fhycjiwvD,Thebault,,Clerk,2984166140,,,,,,,,,,,,,,,,,,,,,,,
290,1,1,,,,,,vcurado81@e-recht24.de,TLLftcs,Vinnie,,Curado,1245969115,,,,,,,,,,,,,,,,,,,,,,,
291,1,1,,,,,,dchaulk82@dyndns.org,WLz4WfjWM,Dunn,,Chaulk,4235927025,,,,,,,,,,,,,,,,,,,,,,,
292,1,1,,,,,,cboniface83@hatena.ne.jp,i2jAaaTkO,Christiane,,Boniface,1542627250,,,,,,,,,,,,,,,,,,,,,,,
293,1,1,,,,,,lhallahan84@blogspot.com,PL4DNV,Lemmie,,Hallahan,1608269015,,,,,,,,,,,,,,,,,,,,,,,
294,1,2,,,,,,sballingal85@dyndns.org,2ZYNESCHGbDp,Sigmund,,Ballingal,9986303309,,,,,,,,,,,,,,,,,,,,,,,
295,1,1,,,,,,ibackes86@apple.com,9F5vGyi,Isabel,,Backes,9948298516,,,,,,,,,,,,,,,,,,,,,,,
296,1,1,,,,,,smcamish87@seattletimes.com,UUL1OnEUn,Silvanus,,McAmish,2853385699,,,,,,,,,,,,,,,,,,,,,,,
297,1,1,,,,,,smussard88@uiuc.edu,TZrOKJeR3nPU,Susana,,Mussard,5762855360,,,,,,,,,,,,,,,,,,,,,,,
298,1,1,,,,,,fgiacobillo89@intel.com,5KmhFOny,Francois,,Giacobillo,8842381945,,,,,,,,,,,,,,,,,,,,,,,
299,1,1,,,,,,mdonaway8a@elegantthemes.com,rr5aNphILXxl,Mareah,,Donaway,7312664002,,,,,,,,,,,,,,,,,,,,,,,
300,1,2,,,,,,bknapper8b@upenn.edu,hAQfdKLRno,Barbe,,Knapper,8127146832,,,,,,,,,,,,,,,,,,,,,,,
301,1,1,,,,,,lmudie8c@cbslocal.com,aMqQCNiAV9,Larisa,,Mudie,4746958114,,,,,,,,,,,,,,,,,,,,,,,
302,1,1,,,,,,bmcgillacoell8d@disqus.com,v4gV8W2gYZ4,Brigg,,McGillacoell,8247071498,,,,,,,,,,,,,,,,,,,,,,,
303,1,1,,,,,,swithnall8e@goo.ne.jp,27wR730XrX8,Spense,,Withnall,5223665796,,,,,,,,,,,,,,,,,,,,,,,
304,1,1,,,,,,billyes8f@engadget.com,ljxidtifh,Bradley,,Illyes,6851704463,,,,,,,,,,,,,,,,,,,,,,,
305,1,1,,,,,,tmaccafferty8g@ft.com,ZgF6shrD4Kor,Trace,,MacCafferty,6051750611,,,,,,,,,,,,,,,,,,,,,,,
306,1,1,,,,,,knapolione8h@ucsd.edu,HAq0lcCvQjg,Kahaleel,,Napolione,7965903201,,,,,,,,,,,,,,,,,,,,,,,
307,1,1,,,,,,scicutto8i@ocn.ne.jp,uLT6hIUCkX5,Scott,,Cicutto,3709176918,,,,,,,,,,,,,,,,,,,,,,,
308,1,1,,,,,,aangless8j@tuttocitta.it,ZmqNlG3doHJc,Arabele,,Angless,9714103126,,,,,,,,,,,,,,,,,,,,,,,
309,1,1,,,,,,ksifflett8k@xrea.com,gXUy8Lu,Kylen,,Sifflett,9755461011,,,,,,,,,,,,,,,,,,,,,,,
310,1,1,,,,,,kwreford8l@comcast.net,IsSDxtU2a51B,Kaleena,,Wreford,9478567951,,,,,,,,,,,,,,,,,,,,,,,
311,1,1,,,,,,sfreddi8m@addthis.com,Rl90BQjsO,Sonnie,,Freddi,9894671968,,,,,,,,,,,,,,,,,,,,,,,
312,1,1,,,,,,lruf8n@privacy.gov.au,h42LGZBTNT,Liva,,Ruf,6223986445,,,,,,,,,,,,,,,,,,,,,,,
313,1,1,,,,,,ameneely8o@mapy.cz,a2wrC3Nd,Ariella,,Meneely,5753021781,,,,,,,,,,,,,,,,,,,,,,,
314,1,2,,,,,,tstoneham8p@nationalgeographic.com,SVgaeA,Traver,,Stoneham,8023818978,,,,,,,,,,,,,,,,,,,,,,,
315,1,1,,,,,,efordyce8q@free.fr,sOl0VE3Si4uI,Early,,Fordyce,3875289428,,,,,,,,,,,,,,,,,,,,,,,
316,1,1,,,,,,mgennrich8r@oracle.com,dXIdzt4AEstQ,Marlena,,Gennrich,5634194045,,,,,,,,,,,,,,,,,,,,,,,
317,1,1,,,,,,cbanham8s@samsung.com,on5OO5uJrf,Claudetta,,Banham,1085586417,,,,,,,,,,,,,,,,,,,,,,,
318,1,2,,,,,,sdornin8t@si.edu,mAbsB6AdO,Sollie,,Dornin,2148604532,,,,,,,,,,,,,,,,,,,,,,,
319,1,1,,,,,,emccaughren8u@tinypic.com,KMgHjq,Eleen,,McCaughren,3947519768,,,,,,,,,,,,,,,,,,,,,,,
320,1,1,,,,,,chollier8v@smh.com.au,D2erArfB,Carmina,,Hollier,9637774569,,,,,,,,,,,,,,,,,,,,,,,
321,1,1,,,,,,tbarts8w@umich.edu,mruR8pXr7UV,Tiffanie,,Barts,6858776474,,,,,,,,,,,,,,,,,,,,,,,
322,1,1,,,,,,nstilling8x@hud.gov,f1lsfGp,Nicolette,,Stilling,5599234146,,,,,,,,,,,,,,,,,,,,,,,
323,1,2,,,,,,sdanzig8y@skyrock.com,zcylkY0di,Shermie,,Danzig,9586107967,,,,,,,,,,,,,,,,,,,,,,,
324,1,1,,,,,,dackerman8z@seesaa.net,htj4RN6nyzzT,Dennison,,Ackerman,6474475240,,,,,,,,,,,,,,,,,,,,,,,
325,1,1,,,,,,ceadmeades90@dagondesign.com,VGQ7Wk31,Christoffer,,Eadmeades,1508912179,,,,,,,,,,,,,,,,,,,,,,,
326,1,1,,,,,,mdemaria91@theatlantic.com,Denmqb,Melli,,De Maria,,,,,,,,,,,,,,,,,,,,,,,,
327,1,2,,,,,,lbalint92@bravesites.com,hfA8QKZz,Loni,,Balint,9391624284,,,,,,,,,,,,,,,,,,,,,,,
328,1,1,,,,,,vlaws93@wikispaces.com,bnKs0hh,Vevay,,Laws,8868065016,,,,,,,,,,,,,,,,,,,,,,,
329,1,1,,,,,,llohden94@multiply.com,Y6upc06,Liv,,Lohden,4277430722,,,,,,,,,,,,,,,,,,,,,,,
330,1,1,,,,,,fshawdforth95@dagondesign.com,n3X4JGwWQXL,Faulkner,,Shawdforth,,,,,,,,,,,,,,,,,,,,,,,,
331,1,1,,,,,,anacci96@walmart.com,CMvJQd2BfQDK,Ambrosi,,Nacci,2994707093,,,,,,,,,,,,,,,,,,,,,,,
332,1,1,,,,,,iweatherley97@microsoft.com,Eij93et7di,Ingemar,,Weatherley,7934234967,,,,,,,,,,,,,,,,,,,,,,,
333,1,1,,,,,,mdewilde98@360.cn,zdnsC2Fo,Maryanne,,de Wilde,4864942320,,,,,,,,,,,,,,,,,,,,,,,
334,1,2,,,,,,cdedman99@sina.com.cn,Y5WTKxe7q,Corinna,,Dedman,5291799794,,,,,,,,,,,,,,,,,,,,,,,
335,1,1,,,,,,acalf9a@toplist.cz,HJhowrob,Allix,,Calf,2555997996,,,,,,,,,,,,,,,,,,,,,,,
336,1,1,,,,,,rlampke9b@yale.edu,die7f9Xnu,Reece,,Lampke,1612423945,,,,,,,,,,,,,,,,,,,,,,,
337,1,1,,,,,,nfake9c@hao123.com,AXP8oXaL,Nico,,Fake,2216194268,,,,,,,,,,,,,,,,,,,,,,,
338,1,1,,,,,,fpellett9d@moonfruit.com,X1z1YTz7e,Finn,,Pellett,5743557957,,,,,,,,,,,,,,,,,,,,,,,
339,1,1,,,,,,wkores9e@bravesites.com,d21ghAd8LlcP,Winfred,,Kores,3065333687,,,,,,,,,,,,,,,,,,,,,,,
340,1,1,,,,,,mmctague9f@bloomberg.com,mCZwTdiheO8,Maurizio,,McTague,1292630555,,,,,,,,,,,,,,,,,,,,,,,
341,1,2,,,,,,nmanoch9g@1688.com,5ilJsARm22,Nealson,,Manoch,8281317110,,,,,,,,,,,,,,,,,,,,,,,
342,1,1,,,,,,oocarney9h@dion.ne.jp,bT7hhuiZuM6,Ozzie,,O'Carney,4592938130,,,,,,,,,,,,,,,,,,,,,,,
343,1,1,,,,,,mdigiorgio9i@npr.org,3Dj3OQO4,Mariquilla,,Di Giorgio,,,,,,,,,,,,,,,,,,,,,,,,
344,1,1,,,,,,nrope9j@toplist.cz,6Ef7rgND1,Niko,,Rope,8887878957,,,,,,,,,,,,,,,,,,,,,,,
345,1,1,,,,,,vgammidge9k@arizona.edu,8Ao70Bae13K,Vaughan,,Gammidge,1841600074,,,,,,,,,,,,,,,,,,,,,,,
346,1,1,,,,,,kiwanicki9l@sourceforge.net,pzes473EJ,Katee,,Iwanicki,1348632979,,,,,,,,,,,,,,,,,,,,,,,
347,1,1,,,,,,npapaccio9m@wired.com,54N4twS,Norbert,,Papaccio,4701895589,,,,,,,,,,,,,,,,,,,,,,,
348,1,2,,,,,,pgreasty9n@opensource.org,Ex0oxGQ4YR,Perceval,,Greasty,7651128748,,,,,,,,,,,,,,,,,,,,,,,
349,1,1,,,,,,ggianettini9o@microsoft.com,TV0RaMMKk,Gray,,Gianettini,4012002304,,,,,,,,,,,,,,,,,,,,,,,
350,1,2,,,,,,sbrayford9p@ameblo.jp,kX8pegWo7,Shay,,Brayford,1944051811,,,,,,,,,,,,,,,,,,,,,,,
351,1,1,,,,,,cbrown9q@ning.com,02C43DAVoso,Claudette,,Brown,4832949936,,,,,,,,,,,,,,,,,,,,,,,
352,1,1,,,,,,pdeverson9r@dot.gov,I5KU5v,Prentiss,,de Verson,9398448178,,,,,,,,,,,,,,,,,,,,,,,
353,1,1,,,,,,opatriche9s@unc.edu,K9ycoR,Omero,,Patriche,2355946761,,,,,,,,,,,,,,,,,,,,,,,
354,1,1,,,,,,rphilbin9t@google.es,YrZrHu,Rouvin,,Philbin,3656777848,,,,,,,,,,,,,,,,,,,,,,,
355,1,2,,,,,,hmargerison9u@washington.edu,5VKxR0tTQRc,Hannis,,Margerison,3125032411,,,,,,,,,,,,,,,,,,,,,,,
356,1,2,,,,,,atie9v@columbia.edu,PpUNhUZBTNkW,Agustin,,Tie,4515712077,,,,,,,,,,,,,,,,,,,,,,,
357,1,1,,,,,,mgrimmer9w@jugem.jp,WArnl2Q7wzM2,Margret,,Grimmer,,,,,,,,,,,,,,,,,,,,,,,,
358,1,1,,,,,,fcordall9x@yahoo.com,hPMkoHQu,Fawne,,Cordall,6312577010,,,,,,,,,,,,,,,,,,,,,,,
359,1,1,,,,,,nchanter9y@lulu.com,Ii2sp5,Nicko,,Chanter,8731091175,,,,,,,,,,,,,,,,,,,,,,,
360,1,1,,,,,,mpargetter9z@indiatimes.com,G73faXplM7w,Miran,,Pargetter,1167671747,,,,,,,,,,,,,,,,,,,,,,,
361,1,1,,,,,,emuggacha0@issuu.com,4idifd,Enrika,,Muggach,6022502375,,,,,,,,,,,,,,,,,,,,,,,
362,1,1,,,,,,asergeaunta1@purevolume.com,Yczl7xK,Alia,,Sergeaunt,9711791927,,,,,,,,,,,,,,,,,,,,,,,
363,1,1,,,,,,sokeefea2@mysql.com,PjR3PDOfJ,Sherri,,O'Keefe,1818060833,,,,,,,,,,,,,,,,,,,,,,,
364,1,2,,,,,,oaskawa3@umich.edu,tvNuRCV,Oby,,Askaw,3316363900,,,,,,,,,,,,,,,,,,,,,,,
365,1,1,,,,,,jivermeea4@goodreads.com,EU6XR1485E,Jeremiah,,Ivermee,3149044653,,,,,,,,,,,,,,,,,,,,,,,
366,1,1,,,,,,lgowthropa5@ebay.co.uk,LZyeqLrqzEl,Linzy,,Gowthrop,3584516461,,,,,,,,,,,,,,,,,,,,,,,
367,1,1,,,,,,dnovkovica6@is.gd,8pUjtuO,Dougy,,Novkovic,9509687245,,,,,,,,,,,,,,,,,,,,,,,
368,1,1,,,,,,glewina7@omniture.com,HvGwaCp1E5,Gus,,Lewin,,,,,,,,,,,,,,,,,,,,,,,,
369,1,1,,,,,,skordinga8@telegraph.co.uk,l8RwIugg,Sybyl,,Kording,5559251664,,,,,,,,,,,,,,,,,,,,,,,
370,1,1,,,,,,kbogacea9@intel.com,XMcE02Xovx4,Kasey,,Bogace,9526032508,,,,,,,,,,,,,,,,,,,,,,,
371,1,2,,,,,,bugolottiaa@adobe.com,kxksFCx,Briant,,Ugolotti,1908290609,,,,,,,,,,,,,,,,,,,,,,,
372,1,1,,,,,,slyngstedab@rediff.com,ATRag4HnJI,Seumas,,Lyngsted,4403875567,,,,,,,,,,,,,,,,,,,,,,,
373,1,1,,,,,,kstorkac@ed.gov,jWwdzKD4wYL,Kerri,,Stork,4237721495,,,,,,,,,,,,,,,,,,,,,,,
374,1,1,,,,,,sholbornad@freewebs.com,gbKa5zqyc,Shelly,,Holborn,8976866383,,,,,,,,,,,,,,,,,,,,,,,
375,1,1,,,,,,dsparkesae@bloglovin.com,Bic9RQJL,Dreddy,,Sparkes,,,,,,,,,,,,,,,,,,,,,,,,
376,1,1,,,,,,tmanzaf@cnbc.com,uK9wmf,Tabbie,,Manz,9433775773,,,,,,,,,,,,,,,,,,,,,,,
377,1,1,,,,,,verrigoag@cdbaby.com,xZvtKj0GnsB4,Vivi,,Errigo,1141498397,,,,,,,,,,,,,,,,,,,,,,,
378,1,2,,,,,,kfrunksah@nature.com,vMOtGKrktLUm,Katherine,,Frunks,3928925723,,,,,,,,,,,,,,,,,,,,,,,
379,1,1,,,,,,amagwoodai@aol.com,UDhOU21,Anita,,Magwood,3721721062,,,,,,,,,,,,,,,,,,,,,,,
380,1,2,,,,,,joganesianaj@microsoft.com,V2rIIXzclBP,Jonas,,Oganesian,1899650854,,,,,,,,,,,,,,,,,,,,,,,
381,1,1,,,,,,jsammonak@yelp.com,5xeM7ptiG5oY,Jerrold,,Sammon,8428700323,,,,,,,,,,,,,,,,,,,,,,,
382,1,1,,,,,,kclissellal@tumblr.com,lxF3t5,Kata,,Clissell,1334149660,,,,,,,,,,,,,,,,,,,,,,,
383,1,1,,,,,,alockettam@merriam-webster.com,MgBZJ5Yq,Adrian,,Lockett,9545283815,,,,,,,,,,,,,,,,,,,,,,,
384,1,1,,,,,,tjertzan@apple.com,p1zFTU,Tobias,,Jertz,7961161848,,,,,,,,,,,,,,,,,,,,,,,
385,1,2,,,,,,dhouseleeao@forbes.com,nsC1Yc,Debee,,Houselee,4055130757,,,,,,,,,,,,,,,,,,,,,,,
386,1,2,,,,,,mgerrelsap@discuz.net,xKsxaX,Mortimer,,Gerrels,7132920029,,,,,,,,,,,,,,,,,,,,,,,
387,1,1,,,,,,sbanischaq@goo.ne.jp,UdwKQCQks1B,Shandy,,Banisch,5275093658,,,,,,,,,,,,,,,,,,,,,,,
388,1,1,,,,,,sgiuronar@fema.gov,RbFw6B,Seana,,Giuron,5221098290,,,,,,,,,,,,,,,,,,,,,,,
389,1,1,,,,,,kmcgraleas@gnu.org,wGdVrdARl,Kellyann,,McGrale,6094711380,,,,,,,,,,,,,,,,,,,,,,,
390,1,1,,,,,,gkeableat@baidu.com,IG2BN4D,Gabriella,,Keable,9901609701,,,,,,,,,,,,,,,,,,,,,,,
391,1,1,,,,,,aheinonenau@cocolog-nifty.com,oiyUrTdUeol,Arty,,Heinonen,3582215963,,,,,,,,,,,,,,,,,,,,,,,
392,1,1,,,,,,ltorrav@shop-pro.jp,3PL6kpS6GIH,Luca,,Torr,8835199604,,,,,,,,,,,,,,,,,,,,,,,
393,1,1,,,,,,snealeyaw@spotify.com,hgJiRN7ALow,Sallyanne,,Nealey,8741478902,,,,,,,,,,,,,,,,,,,,,,,
394,1,2,,,,,,cbehnkeax@booking.com,MlCbvTrvMWi,Camile,,Behnke,6314952678,,,,,,,,,,,,,,,,,,,,,,,
395,1,1,,,,,,lbraxayay@mozilla.org,a6TO4hSVK,Lazar,,Braxay,7684423201,,,,,,,,,,,,,,,,,,,,,,,
396,1,1,,,,,,bproudleraz@altervista.org,tbIEh4L,Beale,,Proudler,1207971322,,,,,,,,,,,,,,,,,,,,,,,
397,1,1,,,,,,rmuldownieb0@friendfeed.com,k0v9kr4IL,Roddie,,Muldownie,9266188888,,,,,,,,,,,,,,,,,,,,,,,
398,1,1,,,,,,fpenwrightb1@odnoklassniki.ru,yABTOX,Florri,,Penwright,8412721254,,,,,,,,,,,,,,,,,,,,,,,
399,1,1,,,,,,fcyphusb2@google.com.hk,GzcSu28Ass,Francklyn,,Cyphus,1016607256,,,,,,,,,,,,,,,,,,,,,,,
400,1,2,,,,,,bborgarsb3@tuttocitta.it,mIU8wW,Bobbi,,Borgars,8751515357,,,,,,,,,,,,,,,,,,,,,,,
401,1,1,,,,,,dvankinb4@mail.ru,N9Rot0a,Deina,,Vankin,3357568507,,,,,,,,,,,,,,,,,,,,,,,
402,1,1,,,,,,mphetteb5@over-blog.com,3aLmBWKcYG,Mair,,Phette,3315747147,,,,,,,,,,,,,,,,,,,,,,,
403,1,1,,,,,,ppetrovicb6@usgs.gov,76Mla55,Payton,,Petrovic,3448602807,,,,,,,,,,,,,,,,,,,,,,,
404,1,1,,,,,,btomkysb7@unicef.org,wThz1FK,Brigg,,Tomkys,3867118926,,,,,,,,,,,,,,,,,,,,,,,
405,1,1,,,,,,yhartusb8@dot.gov,UaggUH,Yolanda,,Hartus,1229227056,,,,,,,,,,,,,,,,,,,,,,,
406,1,1,,,,,,fbarhamsb9@hugedomains.com,ziQ73WuWYQ,Foss,,Barhams,7996612188,,,,,,,,,,,,,,,,,,,,,,,
407,1,1,,,,,,ctwinningba@pcworld.com,S2mqpcQewfNi,Candida,,Twinning,9824198382,,,,,,,,,,,,,,,,,,,,,,,
408,1,1,,,,,,brodolfbb@mtv.com,tRd9Rfia,Bonnee,,Rodolf,2393274374,,,,,,,,,,,,,,,,,,,,,,,
409,1,1,,,,,,mdemougeotbc@archive.org,M6KEe4,Moira,,Demougeot,6259570413,,,,,,,,,,,,,,,,,,,,,,,
410,1,1,,,,,,ccaverhillbd@tmall.com,IbbeOWw7,Chadd,,Caverhill,7548169802,,,,,,,,,,,,,,,,,,,,,,,
411,1,1,,,,,,florenzinibe@wikipedia.org,F2bP4p,Fredra,,Lorenzini,7096385099,,,,,,,,,,,,,,,,,,,,,,,
412,1,1,,,,,,mgodbybf@bloglines.com,w8elXWO,Malvin,,Godby,1946545353,,,,,,,,,,,,,,,,,,,,,,,
413,1,1,,,,,,dcurriebg@reverbnation.com,TyzjESytZ1,Denis,,Currie,4412117261,,,,,,,,,,,,,,,,,,,,,,,
414,1,2,,,,,,bdearlbh@wikipedia.org,drBVRFEv,Brandtr,,Dearl,7747089486,,,,,,,,,,,,,,,,,,,,,,,
415,1,1,,,,,,fbrugemannbi@google.nl,muV4XBPR,Francois,,Brugemann,3652566097,,,,,,,,,,,,,,,,,,,,,,,
416,1,1,,,,,,dgeldardbj@prlog.org,VmWiVCy4,Denver,,Geldard,3022086431,,,,,,,,,,,,,,,,,,,,,,,
417,1,1,,,,,,dbearcroftbk@live.com,lCxbIL,Delinda,,Bearcroft,7169206720,,,,,,,,,,,,,,,,,,,,,,,
418,1,2,,,,,,lradmorebl@homestead.com,mVM1g1r,Loutitia,,Radmore,3065080798,,,,,,,,,,,,,,,,,,,,,,,
419,1,1,,,,,,rbuncombebm@qq.com,eMyTM2QN7td,Rhona,,Buncombe,5595938714,,,,,,,,,,,,,,,,,,,,,,,
420,1,1,,,,,,cdesmondbn@twitpic.com,0BpDP5WTM4AM,Chrissy,,Desmond,4366884745,,,,,,,,,,,,,,,,,,,,,,,
421,1,1,,,,,,hdespenserbo@cloudflare.com,AjKh4Iqdp,Holden,,Despenser,5366101590,,,,,,,,,,,,,,,,,,,,,,,
422,1,1,,,,,,sticicbp@nps.gov,FMUgDQbblaT,Susannah,,Ticic,9018022575,,,,,,,,,,,,,,,,,,,,,,,
423,0,2,,,,,,ahelinbq@issuu.com,sksronWTmrW,Alyce,,Helin,5474886604,,,,,,,,,,,,,,,,,,,,,,,
424,0,1,,,,,,bchidlerbr@ucsd.edu,rDfLZM5Dc,Bondon,,Chidler,2946144701,,,,,,,,,,,,,,,,,,,,,,,
425,1,1,,,,,,wrustedgebs@earthlink.net,ZHGdSxQaVhRd,Wait,,Rustedge,5999706871,,,,,,,,,,,,,,,,,,,,,,,
426,0,1,,,,,,lbattistabt@dailymail.co.uk,nu1KcLx,Lamond,,Battista,2637886200,,,,,,,,,,,,,,,,,,,,,,,
427,0,2,,,,,,jbeadhambu@latimes.com,m0RdhdGDb6,Jerrine,,Beadham,1409911944,,,,,,,,,,,,,,,,,,,,,,,
428,1,1,,,,,,msatchelbv@163.com,iVkOnZ,Micaela,,Satchel,3309897905,,,,,,,,,,,,,,,,,,,,,,,
429,1,1,,,,,,ehawtreybw@nbcnews.com,oKBEbWe6Cs,Ede,,Hawtrey,2997963624,,,,,,,,,,,,,,,,,,,,,,,
430,0,1,,,,,,aerridgebx@ocn.ne.jp,DHi2vtmw1Y,Archambault,,Erridge,8325131809,,,,,,,,,,,,,,,,,,,,,,,
431,0,1,,,,,,estratleyby@home.pl,heo3zOQ,Elicia,,Stratley,4683693016,,,,,,,,,,,,,,,,,,,,,,,
432,0,1,,,,,,asnewinbz@mediafire.com,GHCcKuzeJX2f,Astrix,,Snewin,6178688133,,,,,,,,,,,,,,,,,,,,,,,
433,1,1,,,,,,bstummeyerc0@hc360.com,rXFDD0,Blane,,Stummeyer,7455963574,,,,,,,,,,,,,,,,,,,,,,,
434,1,2,,,,,,gocorriganec1@skyrock.com,BcV0R7IG,Gregorius,,O'Corrigane,9622326672,,,,,,,,,,,,,,,,,,,,,,,
435,1,1,,,,,,jhavikc2@ebay.com,movL8k5k,Josefa,,Havik,4446876026,,,,,,,,,,,,,,,,,,,,,,,
436,0,1,,,,,,dhaleyc3@biglobe.ne.jp,9aQym2ns4QDW,Dru,,Haley,3166318388,,,,,,,,,,,,,,,,,,,,,,,
437,1,1,,,,,,greillyc4@gmpg.org,QKC5zMUcTmm,Gisela,,Reilly,8555524165,,,,,,,,,,,,,,,,,,,,,,,
438,1,1,,,,,,kcripwellc5@wikimedia.org,oZy1AtA9M,Korney,,Cripwell,3043499396,,,,,,,,,,,,,,,,,,,,,,,
439,0,1,,,,,,kfarfullc6@vinaora.com,lqrUtGXuwn8,Kris,,Farfull,9507162444,,,,,,,,,,,,,,,,,,,,,,,
440,1,1,,,,,,mdelamainec7@forbes.com,ZeRPI11NlRuE,Marje,,Delamaine,5665998109,,,,,,,,,,,,,,,,,,,,,,,
441,0,2,,,,,,htilliardsc8@hhs.gov,8Wj0PL3,Harmonia,,Tilliards,1674751178,,,,,,,,,,,,,,,,,,,,,,,
442,0,1,,,,,,elewsiec9@posterous.com,xlCarxW9D8,Elbert,,Lewsie,2197823704,,,,,,,,,,,,,,,,,,,,,,,
443,0,1,,,,,,fgreenoca@godaddy.com,ANenC9iKl,Farica,,Greeno,6331826145,,,,,,,,,,,,,,,,,,,,,,,
444,0,1,,,,,,kshaplandcb@woothemes.com,5Eb1HsDWYYZs,Kathlin,,Shapland,3017796246,,,,,,,,,,,,,,,,,,,,,,,
445,1,1,,,,,,acustycc@china.com.cn,W83bfHWB,Avis,,Custy,8349706515,,,,,,,,,,,,,,,,,,,,,,,
446,1,1,,,,,,emakepeacecd@instagram.com,tZEqTKJo8,Emmanuel,,Makepeace,2199668686,,,,,,,,,,,,,,,,,,,,,,,
447,1,1,,,,,,ttinghillce@prweb.com,hgYEpi60,Timmy,,Tinghill,7614851978,,,,,,,,,,,,,,,,,,,,,,,
448,1,2,,,,,,jcatterallcf@macromedia.com,FeRXK3sSz,Jena,,Catterall,8638963827,,,,,,,,,,,,,,,,,,,,,,,
449,1,1,,,,,,jjaquescg@issuu.com,Y4tTMB5Ka,Janka,,Jaques,8036102194,,,,,,,,,,,,,,,,,,,,,,,
450,1,2,,,,,,chyndch@xing.com,BaZsrmCZ1,Charleen,,Hynd,4178335476,,,,,,,,,,,,,,,,,,,,,,,
451,1,1,,,,,,dramalheteci@springer.com,Kc2mLORzn,Dael,,Ramalhete,1078582732,,,,,,,,,,,,,,,,,,,,,,,
452,1,1,,,,,,dpellingarcj@cam.ac.uk,PjYeB6K8hmo,Dorise,,Pellingar,1173643015,,,,,,,,,,,,,,,,,,,,,,,
453,1,1,,,,,,mdreierck@bizjournals.com,Z3cIc82S2v,Muhammad,,Dreier,8121997733,,,,,,,,,,,,,,,,,,,,,,,
454,1,1,,,,,,dsportoncl@tripadvisor.com,R6iWW7iIi7ui,Dottie,,Sporton,6826113593,,,,,,,,,,,,,,,,,,,,,,,
455,1,2,,,,,,pgeerlingcm@google.fr,AZv2FgJ56e,Pammy,,Geerling,3044978892,,,,,,,,,,,,,,,,,,,,,,,
456,1,2,,,,,,lbiagionicn@cbc.ca,CxbhEBd6,Lewie,,Biagioni,1525358165,,,,,,,,,,,,,,,,,,,,,,,
457,1,1,,,,,,ejossumco@wsj.com,UOEa3rwLfabx,Eddie,,Jossum,4069175893,,,,,,,,,,,,,,,,,,,,,,,
458,1,1,,,,,,mleggatcp@ovh.net,5yOqpYbNQ,Milty,,Leggat,8053728770,,,,,,,,,,,,,,,,,,,,,,,
459,1,1,,,,,,wsibbsoncq@apache.org,8Z8js2YIlvUU,Waldemar,,Sibbson,9134764344,,,,,,,,,,,,,,,,,,,,,,,
460,1,1,,,,,,dglossupcr@amazon.de,TCjCnrmHlHvJ,Dall,,Glossup,3815668325,,,,,,,,,,,,,,,,,,,,,,,
461,1,1,,,,,,wfollitcs@phpbb.com,OwBR5Mj93a,Wilona,,Follit,7968804724,,,,,,,,,,,,,,,,,,,,,,,
462,1,1,,,,,,wblebyct@symantec.com,T8ZWCksen8ho,Welch,,Bleby,3436248413,,,,,,,,,,,,,,,,,,,,,,,
463,1,1,,,,,,knewgroshcu@pcworld.com,n3qDhgx6b,Karisa,,Newgrosh,5187817905,,,,,,,,,,,,,,,,,,,,,,,
464,1,2,,,,,,sbenningtoncv@tinyurl.com,QlIaMvJ,Sybille,,Bennington,2473207472,,,,,,,,,,,,,,,,,,,,,,,
465,1,1,,,,,,bpinckardcw@biglobe.ne.jp,JUn2HMh,Borg,,Pinckard,7594538405,,,,,,,,,,,,,,,,,,,,,,,
466,1,1,,,,,,cbrudenellcx@typepad.com,szHG4JjSH,Carl,,Brudenell,1132181168,,,,,,,,,,,,,,,,,,,,,,,
467,1,1,,,,,,sdenescy@zdnet.com,HXq2TTk5h,Sky,,Denes,4343892612,,,,,,,,,,,,,,,,,,,,,,,
468,1,1,,,,,,cbehncz@t-online.de,tspqyPpl0vTz,Chalmers,,Behn,8081669073,,,,,,,,,,,,,,,,,,,,,,,
469,1,1,,,,,,aschreinerd0@angelfire.com,bwdKXKXEfMf,Ami,,Schreiner,5015158639,,,,,,,,,,,,,,,,,,,,,,,
470,1,1,,,,,,edempsterd1@mit.edu,W4hJDn2XG,Erskine,,Dempster,2402322355,,,,,,,,,,,,,,,,,,,,,,,
471,1,2,,,,,,tsizlandd2@skyrock.com,W6iAn7,Terrel,,Sizland,1713298371,,,,,,,,,,,,,,,,,,,,,,,
472,1,1,,,,,,smarsd3@printfriendly.com,ACjoa7,Saul,,Mars,1356916799,,,,,,,,,,,,,,,,,,,,,,,
473,1,1,,,,,,jgaymerd4@tinypic.com,B50ABbpwevz,Joanie,,Gaymer,2387602243,,,,,,,,,,,,,,,,,,,,,,,
474,1,1,,,,,,tbidgoodd5@ibm.com,towJOHx8,Teriann,,Bidgood,7265265676,,,,,,,,,,,,,,,,,,,,,,,
475,1,1,,,,,,gciobutarod6@de.vu,8hgm241eU8,Gaspard,,Ciobutaro,9814173600,,,,,,,,,,,,,,,,,,,,,,,
476,1,1,,,,,,mgreberd7@liveinternet.ru,RFIlu4n,Manya,,Greber,1303410210,,,,,,,,,,,,,,,,,,,,,,,
477,1,1,,,,,,itoftsd8@hugedomains.com,kNMT4d6JU7M,Idell,,Tofts,6967169169,,,,,,,,,,,,,,,,,,,,,,,
478,1,2,,,,,,bfurnissd9@wired.com,cPa0W1pB,Belva,,Furniss,4383622071,,,,,,,,,,,,,,,,,,,,,,,
479,1,1,,,,,,anutbeanda@bloglovin.com,ZAYq6fw,Annabal,,Nutbean,8843746154,,,,,,,,,,,,,,,,,,,,,,,
480,1,2,,,,,,amarkwelldb@msu.edu,1vImIa3dCAS,Alethea,,Markwell,2896266177,,,,,,,,,,,,,,,,,,,,,,,
481,1,1,,,,,,lsandwickdc@eventbrite.com,SJxhiY1EQ4,Leontine,,Sandwick,5247097015,,,,,,,,,,,,,,,,,,,,,,,
482,1,1,,,,,,hhearseydd@nytimes.com,BMyM9zU,Heda,,Hearsey,7363922374,,,,,,,,,,,,,,,,,,,,,,,
483,1,1,,,,,,obirdseyde@cbc.ca,9MvaTWsxa1HO,Odella,,Birdsey,3251188977,,,,,,,,,,,,,,,,,,,,,,,
484,1,1,,,,,,poshaughnessydf@google.ru,ujiSnKlAX3,Paddie,,O'Shaughnessy,4566025314,,,,,,,,,,,,,,,,,,,,,,,
485,1,2,,,,,,afarensdg@tinypic.com,mjUTKWObjWS4,Abagael,,Farens,3272239553,,,,,,,,,,,,,,,,,,,,,,,
486,1,2,,,,,,rburrendh@wiley.com,Me4w64nmJ1GG,Ralf,,Burren,8294713216,,,,,,,,,,,,,,,,,,,,,,,
487,1,1,,,,,,hadairdi@trellian.com,MoDb0oaci,Hunt,,Adair,6654466233,,,,,,,,,,,,,,,,,,,,,,,
488,1,1,,,,,,lgosforthdj@ucla.edu,Ho8MDep1kB,Lane,,Gosforth,5853161459,,,,,,,,,,,,,,,,,,,,,,,
489,1,1,,,,,,lmcclaughlindk@telegraph.co.uk,ebGcKR5zykfJ,Lillis,,McClaughlin,,,,,,,,,,,,,,,,,,,,,,,,
490,1,1,,,,,,sbrookesdl@t.co,ZuAA6z,Shayla,,Brookes,9204280934,,,,,,,,,,,,,,,,,,,,,,,
491,1,1,,,,,,bscandwrightdm@umich.edu,t71FUs,Britt,,Scandwright,8456432957,,,,,,,,,,,,,,,,,,,,,,,
492,1,1,,,,,,dmoliandn@histats.com,VTkFae7JPGs,Desiri,,Molian,2882420955,,,,,,,,,,,,,,,,,,,,,,,
493,1,1,,,,,,mjarrarddo@examiner.com,gC1lGdxT,Mariya,,Jarrard,8135131488,,,,,,,,,,,,,,,,,,,,,,,
494,1,2,,,,,,skruschovdp@amazon.com,frZACEE8G,Sarajane,,Kruschov,9557083718,,,,,,,,,,,,,,,,,,,,,,,
495,1,1,,,,,,rwillcocksdq@myspace.com,IPCcD0t6DTWj,Roxine,,Willcocks,3193654490,,,,,,,,,,,,,,,,,,,,,,,
496,1,1,,,,,,dmercydr@reference.com,qqlFclosuc,Der,,Mercy,7467106233,,,,,,,,,,,,,,,,,,,,,,,
497,1,1,,,,,,tduffands@harvard.edu,Ll3x2L2ZCNz,Theodora,,Duffan,6315848653,,,,,,,,,,,,,,,,,,,,,,,
498,1,1,,,,,,alochedt@cyberchimps.com,uSZHZ91M9AD,Angel,,Loche,8246871701,,,,,,,,,,,,,,,,,,,,,,,
499,1,1,,,,,,wnicholasdu@ihg.com,TmIE9YfBv,Wileen,,Nicholas,1139086957,,,,,,,,,,,,,,,,,,,,,,,
500,1,2,,,,,,jgiovanazzidv@tinypic.com,X9STNk,Jillayne,,Giovanazzi,2368565027,,,,,,,,,,,,,,,,,,,,,,,
501,1,1,,,,,,bmingauddw@thetimes.co.uk,wFWXTz,Boycie,,Mingaud,2131534189,,,,,,,,,,,,,,,,,,,,,,,
502,1,1,,,,,,rableydx@cloudflare.com,jphX3ANS,Rosene,,Abley,1462162384,,,,,,,,,,,,,,,,,,,,,,,
503,1,1,,,,,,sespindy@prnewswire.com,Uwela6ZCPB4p,Sarita,,Espin,6174150383,,,,,,,,,,,,,,,,,,,,,,,
504,1,1,,,,,,anewsondz@yelp.com,ABSMdIXlat,Adriano,,Newson,3998902177,,,,,,,,,,,,,,,,,,,,,,,
505,1,1,,,,,,wlagese0@irs.gov,O2dgRWcD2,Wynn,,Lages,4866048846,,,,,,,,,,,,,,,,,,,,,,,
506,1,1,,,,,,ytollee1@scribd.com,X9tOxdkjAdR,Yule,,Tolle,1014279118,,,,,,,,,,,,,,,,,,,,,,,
507,1,1,,,,,,dscimonie2@kickstarter.com,tbC1FklsE,Dianne,,Scimoni,1096762064,,,,,,,,,,,,,,,,,,,,,,,
508,1,1,,,,,,pnorthbridgee3@theatlantic.com,uA7hh4B,Piggy,,Northbridge,4821018805,,,,,,,,,,,,,,,,,,,,,,,
509,1,1,,,,,,mlampreye4@tmall.com,dcYj4AWzptI,Mag,,Lamprey,8318057721,,,,,,,,,,,,,,,,,,,,,,,
510,1,1,,,,,,learlye5@marriott.com,nJOdgnUK,Lanie,,Early,3846602182,,,,,,,,,,,,,,,,,,,,,,,
511,1,1,,,,,,chabeshawe6@google.fr,NR3CIrOcaPr,Chastity,,Habeshaw,3168881515,,,,,,,,,,,,,,,,,,,,,,,
512,1,1,,,,,,mcuberleye7@macromedia.com,6yyHk6w8MNW6,Mitchael,,Cuberley,2157030642,,,,,,,,,,,,,,,,,,,,,,,
513,1,1,,,,,,tscoylese8@bloglines.com,gYwrkJKstTKD,Tory,,Scoyles,4102038094,,,,,,,,,,,,,,,,,,,,,,,
514,1,2,,,,,,mdunmuire9@utexas.edu,FtaZlJw,Marna,,Dunmuir,4586775898,,,,,,,,,,,,,,,,,,,,,,,
515,1,1,,,,,,ariltonea@hp.com,Py4bSvYO,Ari,,Rilton,8432312813,,,,,,,,,,,,,,,,,,,,,,,
516,1,1,,,,,,cteckeb@bloomberg.com,IwUTZK4CG,Carl,,Teck,8872593139,,,,,,,,,,,,,,,,,,,,,,,
517,1,1,,,,,,wstapforthec@uol.com.br,mEVduWtkB,Windy,,Stapforth,5446437710,,,,,,,,,,,,,,,,,,,,,,,
518,1,2,,,,,,dmannieed@accuweather.com,hMpr2kKTAf,Danila,,Mannie,6621508663,,,,,,,,,,,,,,,,,,,,,,,
519,1,1,,,,,,bpizeree@youtube.com,AXOb0EptDx,Boris,,Pizer,3703182211,,,,,,,,,,,,,,,,,,,,,,,
520,1,1,,,,,,lbartotef@addthis.com,MYRRFBZ1su,Licha,,Bartot,1462119788,,,,,,,,,,,,,,,,,,,,,,,
521,1,1,,,,,,adrapereg@fastcompany.com,aFVPQQAXj,Ashley,,Draper,6857271988,,,,,,,,,,,,,,,,,,,,,,,
522,1,1,,,,,,tgladmaneh@si.edu,LbnCEELG,Tabby,,Gladman,2546384668,,,,,,,,,,,,,,,,,,,,,,,
523,1,2,,,,,,tsnassellei@marketwatch.com,GrPtGkB,Tiffi,,Snassell,4916319730,,,,,,,,,,,,,,,,,,,,,,,
524,1,1,,,,,,gmacinnesej@virginia.edu,OUcgCZRU0hY,Georgy,,MacInnes,,,,,,,,,,,,,,,,,,,,,,,,
525,1,1,,,,,,narmsteadek@webmd.com,fzDPOd,Nye,,Armstead,5676702206,,,,,,,,,,,,,,,,,,,,,,,
526,1,1,,,,,,jmarsonel@wp.com,1x1yPBbQfgms,Jerome,,Marson,4631106567,,,,,,,,,,,,,,,,,,,,,,,
527,1,2,,,,,,cbottelstoneem@phpbb.com,RGq86muZP5S2,Carlene,,Bottelstone,2772070054,,,,,,,,,,,,,,,,,,,,,,,
528,1,1,,,,,,wimpeyen@weibo.com,71pufGJ,Winfred,,Impey,5078809931,,,,,,,,,,,,,,,,,,,,,,,
529,1,1,,,,,,lgadieeo@chicagotribune.com,1NCYd0GC,Lani,,Gadie,8554120817,,,,,,,,,,,,,,,,,,,,,,,
530,1,1,,,,,,jalexandersenep@nasa.gov,BoofOnBH5Hrf,Jan,,Alexandersen,5817491155,,,,,,,,,,,,,,,,,,,,,,,
531,1,1,,,,,,mcattralleq@1und1.de,DKfm76OaA,Maddie,,Cattrall,5529592279,,,,,,,,,,,,,,,,,,,,,,,
532,1,1,,,,,,sgreenougher@state.gov,lVbBKRDlNR3j,Stirling,,Greenough,4992135577,,,,,,,,,,,,,,,,,,,,,,,
533,1,1,,,,,,aborelles@sogou.com,y70COr,Ashlee,,Borell,9369781891,,,,,,,,,,,,,,,,,,,,,,,
534,1,2,,,,,,gbrockwayet@parallels.com,amVogW,Giulietta,,Brockway,6709140176,,,,,,,,,,,,,,,,,,,,,,,
535,1,1,,,,,,ebandyeu@wisc.edu,05KNhAeZkFM,Esme,,Bandy,7183481382,,,,,,,,,,,,,,,,,,,,,,,
536,1,1,,,,,,cbemwellev@google.com.au,VblYIyOz,Caddric,,Bemwell,8799380094,,,,,,,,,,,,,,,,,,,,,,,
537,1,1,,,,,,arennoxew@example.com,CVgLMZs,Anders,,Rennox,1069283672,,,,,,,,,,,,,,,,,,,,,,,
538,1,1,,,,,,dpastorex@technorati.com,2KIV8kZ5FE,Dorian,,Pastor,4471112432,,,,,,,,,,,,,,,,,,,,,,,
539,1,1,,,,,,afriaryey@nsw.gov.au,PKPuqBip,Analiese,,Friary,6599166216,,,,,,,,,,,,,,,,,,,,,,,
540,1,1,,,,,,frosingdallez@xing.com,LWHvjVb,Frederich,,Rosingdall,5099520083,,,,,,,,,,,,,,,,,,,,,,,
541,1,2,,,,,,asentf0@merriam-webster.com,cPcoLK7B,Alidia,,Sent,5191579612,,,,,,,,,,,,,,,,,,,,,,,
542,1,1,,,,,,rkroonf1@fastcompany.com,ACMoI90XTe,Roger,,Kroon,2567871682,,,,,,,,,,,,,,,,,,,,,,,
543,1,1,,,,,,etuddallf2@de.vu,ypvUHSV,Ermengarde,,Tuddall,,,,,,,,,,,,,,,,,,,,,,,,
544,1,1,,,,,,sglowachaf3@uol.com.br,p6uLvmbR8WP,Stearne,,Glowacha,1704478069,,,,,,,,,,,,,,,,,,,,,,,
545,1,1,,,,,,lpendredf4@shareasale.com,7iDITPuvRCUS,Lauree,,Pendred,3481777305,,,,,,,,,,,,,,,,,,,,,,,
546,1,1,,,,,,abrandenbergf5@yandex.ru,k1UpzAXWv65,Ashly,,Brandenberg,4748373173,,,,,,,,,,,,,,,,,,,,,,,
547,1,1,,,,,,lbaref6@shareasale.com,87bL1X8ipD,L;urette,,Bare,7661150400,,,,,,,,,,,,,,,,,,,,,,,
548,1,2,,,,,,bmoenf7@friendfeed.com,zt2oePuJk0f,Brewster,,Moen,4233669817,,,,,,,,,,,,,,,,,,,,,,,
549,1,1,,,,,,mruckhardf8@cbc.ca,feOO7MuAeI4,Mario,,Ruckhard,4552500192,,,,,,,,,,,,,,,,,,,,,,,
550,1,2,,,,,,ccorkerf9@feedburner.com,LC6JDFuFRk,Chrystel,,Corker,3967946908,,,,,,,,,,,,,,,,,,,,,,,
551,1,1,,,,,,barpfa@liveinternet.ru,eQe1YAS1P0,Barbara-anne,,Arp,1329037188,,,,,,,,,,,,,,,,,,,,,,,
552,1,1,,,,,,rjarmainfb@storify.com,6MJZSUIgK,Rickert,,Jarmain,6289644382,,,,,,,,,,,,,,,,,,,,,,,
553,1,1,,,,,,mbealefc@marketwatch.com,A5HQdHiby7,Moore,,Beale,1591796525,,,,,,,,,,,,,,,,,,,,,,,
554,1,1,,,,,,dmatthewsfd@barnesandnoble.com,gOlcQsHK,Dore,,Matthews,3732242832,,,,,,,,,,,,,,,,,,,,,,,
555,1,2,,,,,,mharfordfe@wiley.com,fK4WMIqs,Mame,,Harford,3473802067,,,,,,,,,,,,,,,,,,,,,,,
556,1,2,,,,,,rstandingfordff@who.int,B4Uvm4B,Rusty,,Standingford,1668177247,,,,,,,,,,,,,,,,,,,,,,,
557,1,1,,,,,,asparksfg@mediafire.com,g3aA9YFq,Anabelle,,Sparks,5064121839,,,,,,,,,,,,,,,,,,,,,,,
558,1,1,,,,,,tlemingfh@addthis.com,SFNhRNL4H,Torr,,Leming,,,,,,,,,,,,,,,,,,,,,,,,
559,1,1,,,,,,mmaureenfi@hugedomains.com,2OdOxt9uP9,Misti,,Maureen,8122997014,,,,,,,,,,,,,,,,,,,,,,,
560,1,1,,,,,,koneillfj@rakuten.co.jp,SNw4h2u5C,Korey,,O'Neill,9352272887,,,,,,,,,,,,,,,,,,,,,,,
561,1,1,,,,,,lgowdridgefk@skyrock.com,KP0TJ2,Licha,,Gowdridge,5836070353,,,,,,,,,,,,,,,,,,,,,,,
562,1,1,,,,,,dcheltnamfl@godaddy.com,0T4CP922,Demetrius,,Cheltnam,4142587781,,,,,,,,,,,,,,,,,,,,,,,
563,1,1,,,,,,lhanrahanfm@1und1.de,yA4iyxgMAIL0,Lonnie,,Hanrahan,4529437770,,,,,,,,,,,,,,,,,,,,,,,
564,1,2,,,,,,kheiblfn@amazon.de,Cbvulx8YG,Kerri,,Heibl,1074095973,,,,,,,,,,,,,,,,,,,,,,,
565,1,1,,,,,,stieraneyfo@yahoo.com,uC5Cvt74,Stephana,,Tieraney,6146381507,,,,,,,,,,,,,,,,,,,,,,,
566,1,1,,,,,,kgrationfp@cloudflare.com,0B47Ny0CNq9,Kaitlynn,,Gration,2287593095,,,,,,,,,,,,,,,,,,,,,,,
567,1,1,,,,,,lsymingtonfq@4shared.com,u4FWL7,Louis,,Symington,8876891828,,,,,,,,,,,,,,,,,,,,,,,
568,1,1,,,,,,sitzakovitzfr@guardian.co.uk,kQq8gi,Susette,,Itzakovitz,6153537698,,,,,,,,,,,,,,,,,,,,,,,
569,1,1,,,,,,nbenedttifs@yahoo.co.jp,Q7U4rNO4,Noellyn,,Benedtti,6604499677,,,,,,,,,,,,,,,,,,,,,,,
570,1,1,,,,,,sastlattft@nps.gov,nkb7Wc,Susanna,,Astlatt,8812284931,,,,,,,,,,,,,,,,,,,,,,,
571,1,2,,,,,,gmertgenfu@google.it,vk6hp4pSbU4B,Geoffry,,Mertgen,7845661136,,,,,,,,,,,,,,,,,,,,,,,
572,1,1,,,,,,rewerfv@linkedin.com,BZzIzp9bM,Rolando,,Ewer,4998642732,,,,,,,,,,,,,,,,,,,,,,,
573,1,1,,,,,,alattafw@cisco.com,oeAdwfk,Anica,,Latta,,,,,,,,,,,,,,,,,,,,,,,,
574,1,1,,,,,,wmccutcheonfx@loc.gov,gdKSRhz,Willis,,McCutcheon,3126802050,,,,,,,,,,,,,,,,,,,,,,,
575,1,1,,,,,,jnewhamfy@reference.com,UqXhIQr,Jared,,Newham,4791935604,,,,,,,,,,,,,,,,,,,,,,,
576,1,1,,,,,,ovanlintfz@toplist.cz,XoCIzt2Vvkqh,Oswell,,Vanlint,5095682412,,,,,,,,,,,,,,,,,,,,,,,
577,1,1,,,,,,ghoulsong0@opensource.org,lRooVc582L79,Gothart,,Houlson,9247472236,,,,,,,,,,,,,,,,,,,,,,,
578,1,2,,,,,,britmeyerg1@ucsd.edu,wLSpXi8hv5,Basil,,Ritmeyer,8029855264,,,,,,,,,,,,,,,,,,,,,,,
579,1,1,,,,,,omargrieg2@livejournal.com,e1IMydXGoS0,Odey,,Margrie,1139983766,,,,,,,,,,,,,,,,,,,,,,,
580,1,2,,,,,,gleacyg3@blogs.com,lmJCTE5,Gisela,,Leacy,4198439657,,,,,,,,,,,,,,,,,,,,,,,
581,1,1,,,,,,iheggmang4@webnode.com,8ey8LPy,Ingaborg,,Heggman,4637562391,,,,,,,,,,,,,,,,,,,,,,,
582,1,1,,,,,,fflarityg5@storify.com,8cEQAWzApf,Farrah,,Flarity,3181425654,,,,,,,,,,,,,,,,,,,,,,,
583,1,1,,,,,,aosheag6@slate.com,osAkwanRM3,Adriane,,O'Shea,4497972851,,,,,,,,,,,,,,,,,,,,,,,
584,1,1,,,,,,omityukovg7@fda.gov,2xIl2j8ZUOui,Orelie,,Mityukov,9384127004,,,,,,,,,,,,,,,,,,,,,,,
585,1,2,,,,,,adawburyg8@house.gov,dYMzd42xAw,Andris,,Dawbury,4123545156,,,,,,,,,,,,,,,,,,,,,,,
586,1,2,,,,,,gsplevingsg9@myspace.com,bcom1ItJt7E,Gabrila,,Splevings,5213992841,,,,,,,,,,,,,,,,,,,,,,,
587,1,1,,,,,,oebertsga@prlog.org,m4wfNuWjM,Opal,,Eberts,5931383629,,,,,,,,,,,,,,,,,,,,,,,
588,1,1,,,,,,breginagb@sun.com,w7P9ulp9f,Blaire,,Regina,8565317472,,,,,,,,,,,,,,,,,,,,,,,
589,1,1,,,,,,bdinleygc@cbc.ca,9R3EHE5v,Bendix,,Dinley,4165776734,,,,,,,,,,,,,,,,,,,,,,,
590,1,1,,,,,,fciobotarogd@usda.gov,X82LF11etJy4,Foster,,Ciobotaro,7879296296,,,,,,,,,,,,,,,,,,,,,,,
591,1,1,,,,,,skrinksge@ow.ly,qud6kJz8cin,Stu,,Krinks,6351315503,,,,,,,,,,,,,,,,,,,,,,,
592,1,1,,,,,,kswindlehurstgf@addthis.com,DL1KqrW,Kristen,,Swindlehurst,9782337990,,,,,,,,,,,,,,,,,,,,,,,
593,1,1,,,,,,bwoodleygg@fotki.com,C7YuW7JuEo,Bendix,,Woodley,4329966922,,,,,,,,,,,,,,,,,,,,,,,
594,1,2,,,,,,msavingh@mashable.com,R24ARV9SQ,Merline,,Savin,5594311966,,,,,,,,,,,,,,,,,,,,,,,
595,1,1,,,,,,tjozwiakgi@eventbrite.com,rz2N8VJYc,Theo,,Jozwiak,5235389825,,,,,,,,,,,,,,,,,,,,,,,
596,1,1,,,,,,gpimblottegj@reuters.com,CbUfpwJdhkp,Gerek,,Pimblotte,5415185380,,,,,,,,,,,,,,,,,,,,,,,
597,1,1,,,,,,bdickerlinegk@behance.net,wI6OBCWX,Brooks,,Dickerline,9632909382,,,,,,,,,,,,,,,,,,,,,,,
598,1,1,,,,,,preangl@pcworld.com,ygD8qjzWHa,Payton,,Rean,5634788366,,,,,,,,,,,,,,,,,,,,,,,
599,1,1,,,,,,rmellodygm@springer.com,xaOL42Sj,Reinold,,Mellody,1969693921,,,,,,,,,,,,,,,,,,,,,,,
600,1,2,,,,,,pgeallgn@dion.ne.jp,N975XuIq1DYd,Powell,,Geall,2361830842,,,,,,,,,,,,,,,,,,,,,,,
601,1,1,,,,,,cdodgo@behance.net,JDjeoRVc4g,Connie,,Dod,3493018047,,,,,,,,,,,,,,,,,,,,,,,
602,1,1,,,,,,ktreskegp@google.com.br,d6s3ZHxqX,Kellsie,,Treske,8178774957,,,,,,,,,,,,,,,,,,,,,,,
603,1,1,,,,,,vtutegq@blogs.com,spSKjHRE5uIw,Vittoria,,Tute,3158873236,,,,,,,,,,,,,,,,,,,,,,,
604,1,1,,,,,,rthurbygr@accuweather.com,2lwC7jIID7,Rowan,,Thurby,4036834764,,,,,,,,,,,,,,,,,,,,,,,
605,1,1,,,,,,egiovannaccigs@java.com,4uxEULCmfH,Eleen,,Giovannacc@i,7548860774,,,,,,,,,,,,,,,,,,,,,,,
606,1,1,,,,,,cbrandonegt@engadget.com,TL3EEEIlMe,Conrado,,Brandone,8845187621,,,,,,,,,,,,,,,,,,,,,,,
607,1,1,,,,,,abunhillgu@hud.gov,06s2W1qpAZ0,Adi,,Bunhill,6659494267,,,,,,,,,,,,,,,,,,,,,,,
608,1,1,,,,,,bparysownagv@rediff.com,jNfG8uvg,Brigham,,Parysowna,6391457219,,,,,,,,,,,,,,,,,,,,,,,
609,1,1,,,,,,eerbgw@techcrunch.com,U0HPJHqbg5sE,Emery,,Erb,2833690375,,,,,,,,,,,,,,,,,,,,,,,
610,1,1,,,,,,mpoulgreengx@sitemeter.com,QnIk4t,Mercie,,Poulgreen,8587351910,,,,,,,,,,,,,,,,,,,,,,,
611,1,1,,,,,,bropsgy@aboutads.info,Yd9jPlTa4,Bucky,,Rops,,,,,,,,,,,,,,,,,,,,,,,,
612,1,1,,,,,,pbellelligz@google.cn,3LO292y,Paton,,Bellelli,4075121611,,,,,,,,,,,,,,,,,,,,,,,
613,1,1,,,,,,uleggetth0@jigsy.com,QRqZAA,Ulrick,,Leggett,1087343546,,,,,,,,,,,,,,,,,,,,,,,
614,1,2,,,,,,rbrentnallh1@meetup.com,9WsWbp7hDnTq,Rogerio,,Brentnall,5752599613,,,,,,,,,,,,,,,,,,,,,,,
615,1,1,,,,,,nklosah2@about.me,M0wnCqh07,Nestor,,Klosa,1155163209,,,,,,,,,,,,,,,,,,,,,,,
616,1,1,,,,,,lslimmeh3@gmpg.org,3xSck5nN07,Lucienne,,Slimme,7643421667,,,,,,,,,,,,,,,,,,,,,,,
617,1,1,,,,,,hleyburnh4@answers.com,FTdMWP,Hallie,,Leyburn,7623445509,,,,,,,,,,,,,,,,,,,,,,,
618,1,2,,,,,,tkoeneh5@drupal.org,L6LjCn0hD0bQ,Teddi,,Koene,4062631141,,,,,,,,,,,,,,,,,,,,,,,
619,1,1,,,,,,aalltimesh6@taobao.com,S9hdX4V5M,Aliza,,Alltimes,3617448699,,,,,,,,,,,,,,,,,,,,,,,
620,1,1,,,,,,vescoth7@51.la,T2PmImpm,Valerie,,Escot,2286688378,,,,,,,,,,,,,,,,,,,,,,,
621,1,1,,,,,,aalentyevh8@over-blog.com,6gX2YzL6xvv8,Ahmed,,Alentyev,5025981767,,,,,,,,,,,,,,,,,,,,,,,
622,1,1,,,,,,trraundlh9@umich.edu,gIaQEf4P,Tessa,,Rraundl,4779057363,,,,,,,,,,,,,,,,,,,,,,,
623,1,2,,,,,,hormistoneha@newsvine.com,v2lcc4,Herb,,Ormistone,3234552948,,,,,,,,,,,,,,,,,,,,,,,
624,1,1,,,,,,aluttgerthb@behance.net,iHLsY3jeA,Alfi,,Luttgert,6767678436,,,,,,,,,,,,,,,,,,,,,,,
625,1,1,,,,,,rcattenachhc@elegantthemes.com,VWsLC3fa0gg,Richie,,Cattenach,9418171355,,,,,,,,,,,,,,,,,,,,,,,
626,1,1,,,,,,elittledikehd@ucoz.ru,YuuLa24DZNQO,Essa,,Littledike,,,,,,,,,,,,,,,,,,,,,,,,
627,1,2,,,,,,tpamplinghe@so-net.ne.jp,SfZ8z5Qn2HlD,Timmi,,Pampling,2793042715,,,,,,,,,,,,,,,,,,,,,,,
628,1,1,,,,,,lcubbinhf@seattletimes.com,dOeRtnefb,Liesa,,Cubbin,3366382898,,,,,,,,,,,,,,,,,,,,,,,
629,1,1,,,,,,sbeadonhg@51.la,c4SfoT81i,Silvia,,Beadon,6941169097,,,,,,,,,,,,,,,,,,,,,,,
630,1,1,,,,,,mcarneckhh@techcrunch.com,KuFqH0pCZas,Menard,,Carneck,6816228070,,,,,,,,,,,,,,,,,,,,,,,
631,1,1,,,,,,npearlmanhi@multiply.com,BKNlhaX,Ned,,Pearlman,6669608889,,,,,,,,,,,,,,,,,,,,,,,
632,1,1,,,,,,gpurringtonhj@paypal.com,1HmXLHzeC,Gail,,Purrington,2857750102,,,,,,,,,,,,,,,,,,,,,,,
633,1,1,,,,,,hdictushk@cbc.ca,LGjmadTY,Horten,,Dictus,8056409636,,,,,,,,,,,,,,,,,,,,,,,
634,1,2,,,,,,kmiramshl@pbs.org,wbaDGLlJ,Kirsteni,,Mirams,6134857956,,,,,,,,,,,,,,,,,,,,,,,
635,1,1,,,,,,toberthm@fastcompany.com,b6fKKjtbZ,Tybie,,Obert,9967596545,,,,,,,,,,,,,,,,,,,,,,,
636,1,1,,,,,,wdenisothn@sogou.com,WdtgQ2fMHO,West,,Denisot,1172760617,,,,,,,,,,,,,,,,,,,,,,,
637,1,1,,,,,,ewalleyho@soup.io,gqDUVizH,Erie,,Walley,5221117943,,,,,,,,,,,,,,,,,,,,,,,
638,1,1,,,,,,aellicockhp@ucsd.edu,IHJ73RQ,Antoni,,Ellicock,5574332965,,,,,,,,,,,,,,,,,,,,,,,
639,1,1,,,,,,eearleshq@photobucket.com,fRcBvScASf,Eugenio,,Earles,4657214350,,,,,,,,,,,,,,,,,,,,,,,
640,1,1,,,,,,mmcilvennahr@goodreads.com,qfEo3yELxLa,Myrilla,,McIlvenna,9649139846,,,,,,,,,,,,,,,,,,,,,,,
641,1,2,,,,,,slawnhs@nature.com,wMWZ8AYcH,Sayres,,Lawn,6578665524,,,,,,,,,,,,,,,,,,,,,,,
642,1,1,,,,,,fcashmanht@craigslist.org,LjeqGJydWBx,Francisca,,Cashman,3663262115,,,,,,,,,,,,,,,,,,,,,,,
643,1,1,,,,,,lhatchhu@newyorker.com,mSWgKLkgs0H9,Lura,,Hatch,8265023886,,,,,,,,,,,,,,,,,,,,,,,
644,1,1,,,,,,fvassanohv@paginegialle.it,KDzpyh5NOmah,Florina,,Vassano,9285178047,,,,,,,,,,,,,,,,,,,,,,,
645,1,1,,,,,,ilardierhw@dot.gov,9FQSCQva0,Ignazio,,Lardier,3187599195,,,,,,,,,,,,,,,,,,,,,,,
646,1,1,,,,,,dleadeshx@huffingtonpost.com,TCyDvNs,Darsie,,Leades,6882165502,,,,,,,,,,,,,,,,,,,,,,,
647,1,1,,,,,,vpolhillhy@acquirethisname.com,mhdOizMR,Verne,,Polhill,8022855563,,,,,,,,,,,,,,,,,,,,,,,
648,1,2,,,,,,hsmithendhz@comsenz.com,U7JuusCLN2,Heather,,Smithend,9141943582,,,,,,,,,,,,,,,,,,,,,,,
649,1,1,,,,,,nfrancisi0@list-manage.com,rO7gDMRqu9v,Natka,,Francis,3512536894,,,,,,,,,,,,,,,,,,,,,,,
650,1,2,,,,,,whuskei1@jimdo.com,fWPGdD7M86qn,Wendi,,Huske,8213445985,,,,,,,,,,,,,,,,,,,,,,,
651,1,1,,,,,,amorrishi2@globo.com,gKFg3avC,Arly,,Morrish,7672642211,,,,,,,,,,,,,,,,,,,,,,,
652,1,1,,,,,,rlandellsi3@rediff.com,0HzeKyRh6,Rasla,,Landells,9216709384,,,,,,,,,,,,,,,,,,,,,,,
653,1,1,,,,,,iodornani4@google.com.au,05NrHtflk,Immanuel,,O' Dornan,9742778516,,,,,,,,,,,,,,,,,,,,,,,
654,1,1,,,,,,splowesi5@wisc.edu,nQZL1Kbt8u,Sandra,,Plowes,8865743621,,,,,,,,,,,,,,,,,,,,,,,
655,1,2,,,,,,wmewei6@purevolume.com,BZRxm6,Whit,,Mewe,8173551200,,,,,,,,,,,,,,,,,,,,,,,
656,1,2,,,,,,blindbacki7@indiegogo.com,tw4k7GaCsFt,Brantley,,Lindback,7348657955,,,,,,,,,,,,,,,,,,,,,,,
657,1,1,,,,,,tlutoi8@oracle.com,5W0wywLiM,Teddi,,Luto,3239972846,,,,,,,,,,,,,,,,,,,,,,,
658,1,1,,,,,,lklimasi9@alexa.com,ZRcQ5b94GkTD,Lewes,,Klimas,4874611464,,,,,,,,,,,,,,,,,,,,,,,
659,1,1,,,,,,fbuckthorpia@intel.com,YO6Dg5RzW2m,Florri,,Buckthorp,3524456421,,,,,,,,,,,,,,,,,,,,,,,
660,1,1,,,,,,rdobrowskiib@mozilla.org,SAwzQ3,Rebbecca,,Dobrowski,2402406705,,,,,,,,,,,,,,,,,,,,,,,
661,1,1,,,,,,gmorrellic@youtu.be,fhoLB8,Godard,,Morrell,2334093266,,,,,,,,,,,,,,,,,,,,,,,
662,1,1,,,,,,ibaldenid@yelp.com,daXhKvJXb5,Issy,,Balden,9984665266,,,,,,,,,,,,,,,,,,,,,,,
663,1,1,,,,,,estenettie@livejournal.com,CnybJgFoBP,Elspeth,,Stenett,1403523194,,,,,,,,,,,,,,,,,,,,,,,
664,1,2,,,,,,selseif@theatlantic.com,c3mRkF9,Selestina,,Else,4099650945,,,,,,,,,,,,,,,,,,,,,,,
665,1,1,,,,,,jjobbinsig@walmart.com,g6ISAX1Bs,Johnnie,,Jobbins,3856049587,,,,,,,,,,,,,,,,,,,,,,,
666,1,1,,,,,,pirnisih@com.com,7kugUMB5Csyj,Petr,,Irnis,5539568233,,,,,,,,,,,,,,,,,,,,,,,
667,1,1,,,,,,jwormleightonii@buzzfeed.com,m6qn7tRVX,Jasmina,,Wormleighton,8567633902,,,,,,,,,,,,,,,,,,,,,,,
668,1,1,,,,,,lpaylorij@shop-pro.jp,yoWuVhEZuk,Lyndsay,,Paylor,1576281531,,,,,,,,,,,,,,,,,,,,,,,
669,1,1,,,,,,jchewik@behance.net,FDi8YIx,Jolynn,,Chew,5875591781,,,,,,,,,,,,,,,,,,,,,,,
670,1,1,,,,,,wthaxteril@tiny.cc,2LYgvAJmtB,Wynn,,Thaxter,7178857373,,,,,,,,,,,,,,,,,,,,,,,
671,1,2,,,,,,mmeryettim@vimeo.com,Nt8uKhZ,Mart,,Meryett,7746443383,,,,,,,,,,,,,,,,,,,,,,,
672,1,1,,,,,,fmcconnellin@telegraph.co.uk,v4QsJ33oIZ0y,Fifine,,McConnell,9051636660,,,,,,,,,,,,,,,,,,,,,,,
673,1,1,,,,,,maubreyio@msu.edu,rcKXGX,Mickie,,Aubrey,6008427742,,,,,,,,,,,,,,,,,,,,,,,
674,1,1,,,,,,nrickisip@fotki.com,OfojA9Woxx33,Nannie,,Rickis,6002709788,,,,,,,,,,,,,,,,,,,,,,,
675,1,1,,,,,,bhinckleyiq@mediafire.com,d4qsVRX8,Barri,,Hinckley,7058152861,,,,,,,,,,,,,,,,,,,,,,,
676,1,1,,,,,,rtitlowir@google.fr,Vcvd12JsuFso,Rakel,,Titlow,5767079765,,,,,,,,,,,,,,,,,,,,,,,
677,1,1,,,,,,ldalessiois@photobucket.com,4XGlER8Tvby,Lyssa,,D'Alessio,1251041327,,,,,,,,,,,,,,,,,,,,,,,
678,1,2,,,,,,stinkerit@macromedia.com,IK35flP7O,Sallyanne,,Tinker,9343310411,,,,,,,,,,,,,,,,,,,,,,,
679,1,1,,,,,,gstablesiu@godaddy.com,DqSxNEBD0bf,Gregor,,Stables,,,,,,,,,,,,,,,,,,,,,,,,
680,1,2,,,,,,hskimiv@mayoclinic.com,JSL6h7kB6g5y,Hiram,,Skim,8517692650,,,,,,,,,,,,,,,,,,,,,,,
681,1,1,,,,,,aternouthiw@t-online.de,bX49rVxo8Wf,Anabella,,Ternouth,1492096227,,,,,,,,,,,,,,,,,,,,,,,
682,1,1,,,,,,tbennisix@ask.com,g9kQAk,Thea,,Bennis,9626310502,,,,,,,,,,,,,,,,,,,,,,,
683,1,1,,,,,,mdorrinsiy@ustream.tv,zGgtriSu2Akg,Martynne,,Dorrins,4052946010,,,,,,,,,,,,,,,,,,,,,,,
684,1,1,,,,,,mlawreyiz@diigo.com,aNynuwtF,Merry,,Lawrey,8235165255,,,,,,,,,,,,,,,,,,,,,,,
685,1,2,,,,,,hheddej0@lulu.com,WBZx4jDYeZx3,Hakeem,,Hedde,7057854700,,,,,,,,,,,,,,,,,,,,,,,
686,1,2,,,,,,rwatshamj1@twitter.com,RdSN5a,Renado,,Watsham,2661604570,,,,,,,,,,,,,,,,,,,,,,,
687,1,1,,,,,,hplumridgej2@wikia.com,1MwLkbS1,Horatia,,Plumridge,8916127443,,,,,,,,,,,,,,,,,,,,,,,
688,1,1,,,,,,haxelj3@illinois.edu,WgG5kc6,Hester,,Axel,7635025158,,,,,,,,,,,,,,,,,,,,,,,
689,1,1,,,,,,jmarcroftj4@opera.com,RTQfqrAtxT,Jilly,,Marcroft,3821051265,,,,,,,,,,,,,,,,,,,,,,,
690,1,1,,,,,,lhavickj5@webeden.co.uk,dac2IHyw,Lane,,Havick,7748228392,,,,,,,,,,,,,,,,,,,,,,,
691,1,1,,,,,,hbosherj6@parallels.com,H1Uf86ZJ,Haleigh,,Bosher,5439971697,,,,,,,,,,,,,,,,,,,,,,,
692,1,1,,,,,,cpiechaj7@cocolog-nifty.com,PxcOAg,Coralie,,Piecha,8905175250,,,,,,,,,,,,,,,,,,,,,,,
693,1,1,,,,,,npattonj8@issuu.com,mMl3RqPfp,Nancie,,Patton,2197822553,,,,,,,,,,,,,,,,,,,,,,,
694,1,2,,,,,,agazej9@ifeng.com,cmYy2ralz,Arnaldo,,Gaze,8673803481,,,,,,,,,,,,,,,,,,,,,,,
695,1,1,,,,,,jmoggachja@posterous.com,HkSpwUTaZ,Josias,,Moggach,3077620698,,,,,,,,,,,,,,,,,,,,,,,
696,1,1,,,,,,rbeebejb@51.la,Ox0YkAuKIfNH,Rockwell,,Beebe,5136847053,,,,,,,,,,,,,,,,,,,,,,,
697,1,1,,,,,,nmaccaugheyjc@blogspot.com,Dkr2t5vVv5zj,Nero,,MacCaughey,9711204759,,,,,,,,,,,,,,,,,,,,,,,
698,1,1,,,,,,tlockeryjd@technorati.com,Uqb1tK9s,Thebault,,Lockery,4514286700,,,,,,,,,,,,,,,,,,,,,,,
699,1,1,,,,,,ndingsdaleje@jiathis.com,qKivBZE9s,Nertie,,Dingsdale,2062083355,,,,,,,,,,,,,,,,,,,,,,,
700,1,2,,,,,,lbalejf@ycombinator.com,YSvGbryz,Lucienne,,Bale,2961617084,,,,,,,,,,,,,,,,,,,,,,,
701,1,1,,,,,,bgroundwaterjg@nasa.gov,cy78a7EYDZKp,Bette-ann,,Groundwater,8099767422,,,,,,,,,,,,,,,,,,,,,,,
702,1,1,,,,,,mredhousejh@rediff.com,QkjHE6,Max,,Redhouse,9162080143,,,,,,,,,,,,,,,,,,,,,,,
703,1,1,,,,,,dburnsydeji@loc.gov,h5XR8pnhr,Dorry,,Burnsyde,4135641441,,,,,,,,,,,,,,,,,,,,,,,
704,1,1,,,,,,dallewayjj@tmall.com,uaVYe4K9nFzJ,Dalli,,Alleway,8753408940,,,,,,,,,,,,,,,,,,,,,,,
705,1,1,,,,,,oadamovichjk@census.gov,MK7qoS,Ofelia,,Adamovich,4383241126,,,,,,,,,,,,,,,,,,,,,,,
706,1,1,,,,,,hkennerjl@arizona.edu,GMmsRgM7w4A,Haleigh,,Kenner,8143932385,,,,,,,,,,,,,,,,,,,,,,,
707,1,1,,,,,,ccritzenjm@weather.com,K8jGdBx4PJ,Courtney,,Critzen,9097472398,,,,,,,,,,,,,,,,,,,,,,,
708,1,1,,,,,,dgittosejn@shareasale.com,IQ77y43,Dora,,Gittose,8896341343,,,,,,,,,,,,,,,,,,,,,,,
709,1,1,,,,,,hgranejo@rambler.ru,yRTClI6,Henrieta,,Grane,7698165592,,,,,,,,,,,,,,,,,,,,,,,
710,1,1,,,,,,rcushjp@godaddy.com,qxRHt2Ivko,Regina,,Cush,5172085821,,,,,,,,,,,,,,,,,,,,,,,
711,1,1,,,,,,apassmanjq@hhs.gov,rgC60xz0IzSq,Annie,,Passman,7096581460,,,,,,,,,,,,,,,,,,,,,,,
712,1,1,,,,,,rlinnelljr@tuttocitta.it,mclL0b2sG,Rod,,Linnell,7352601899,,,,,,,,,,,,,,,,,,,,,,,
713,1,1,,,,,,cbenkinjs@miitbeian.gov.cn,StYvOzD35L9,Crysta,,Benkin,,,,,,,,,,,,,,,,,,,,,,,,
714,1,2,,,,,,sklugerjt@amazonaws.com,kKRnG5CC,Stevana,,Kluger,7255222616,,,,,,,,,,,,,,,,,,,,,,,
715,1,1,,,,,,apaolottoju@lulu.com,ufHdxHkT,Adriano,,Paolotto,5377571594,,,,,,,,,,,,,,,,,,,,,,,
716,1,1,,,,,,thartusjv@mac.com,AARSXX4,Torrance,,Hartus,2609716232,,,,,,,,,,,,,,,,,,,,,,,
717,1,1,,,,,,mpellewjw@hexun.com,p1QDS0h,Morgun,,Pellew,1838125359,,,,,,,,,,,,,,,,,,,,,,,
718,1,2,,,,,,gmaherjx@infoseek.co.jp,l06IJ7zP6,Gary,,Maher,9074315348,,,,,,,,,,,,,,,,,,,,,,,
719,1,1,,,,,,mmacsporranjy@nytimes.com,nxAHiWimExp,Magda,,MacSporran,8163033429,,,,,,,,,,,,,,,,,,,,,,,
720,1,1,,,,,,mellicottjz@wikispaces.com,UFNV8m2hPr97,Mortie,,Ellicott,9844774620,,,,,,,,,,,,,,,,,,,,,,,
721,1,1,,,,,,imuscatk0@digg.com,SkGDfGU,Irvine,,Muscat,8456591937,,,,,,,,,,,,,,,,,,,,,,,
722,1,1,,,,,,mwolfendellk1@go.com,KOQ3ckyVou,Marcelo,,Wolfendell,4195980017,,,,,,,,,,,,,,,,,,,,,,,
723,1,2,,,,,,rsouthank2@furl.net,ZpFun1,Ragnar,,Southan,6471453575,,,,,,,,,,,,,,,,,,,,,,,
724,1,1,,,,,,cmcalesterk3@dmoz.org,0jPGSd5Dn,Collin,,McAlester,6382156165,,,,,,,,,,,,,,,,,,,,,,,
725,1,1,,,,,,sgregorowiczk4@harvard.edu,eDfPOUgo27X,Sullivan,,Gregorowicz,7806093530,,,,,,,,,,,,,,,,,,,,,,,
726,1,1,,,,,,gmariek5@typepad.com,tUqsyXQ7ziSz,Gerianne,,Marie,3039811761,,,,,,,,,,,,,,,,,,,,,,,
727,1,2,,,,,,skoptak6@merriam-webster.com,Mr4ak4,Sayre,,Kopta,1805540628,,,,,,,,,,,,,,,,,,,,,,,
728,1,1,,,,,,erobionk7@dailymotion.com,NDbKLd9kD,Esme,,Robion,3258935913,,,,,,,,,,,,,,,,,,,,,,,
729,1,1,,,,,,ppitchersk8@springer.com,4by6dg0R,Pauly,,Pitchers,6852641524,,,,,,,,,,,,,,,,,,,,,,,
730,1,1,,,,,,awathenk9@hatena.ne.jp,K2qaHgnyR6,Andria,,Wathen,4589846897,,,,,,,,,,,,,,,,,,,,,,,
731,1,1,,,,,,icaineska@icio.us,m5cNto4UHO4,Irene,,Caines,6878265627,,,,,,,,,,,,,,,,,,,,,,,
732,1,1,,,,,,ktrematickkb@buzzfeed.com,aWrMPl14,Kellen,,Trematick,6631468432,,,,,,,,,,,,,,,,,,,,,,,
733,1,1,,,,,,pkinvankc@cdbaby.com,0B0JhQCRSRsk,Philip,,Kinvan,7901630868,,,,,,,,,,,,,,,,,,,,,,,
734,1,2,,,,,,dwagstaffekd@stumbleupon.com,TZu73cR597Y,Desirae,,Wagstaffe,6866752971,,,,,,,,,,,,,,,,,,,,,,,
735,1,1,,,,,,dwiddisonke@moonfruit.com,iCazK0,Delora,,Widdison,8301366976,,,,,,,,,,,,,,,,,,,,,,,
736,1,1,,,,,,awollacottkf@yandex.ru,kdgTdaD,Anderson,,Wollacott,9215819782,,,,,,,,,,,,,,,,,,,,,,,
737,1,1,,,,,,sstarfordkg@twitpic.com,1WSiLsONd,Salomi,,Starford,2898674798,,,,,,,,,,,,,,,,,,,,,,,
738,1,1,,,,,,bmoatkh@accuweather.com,u6SRkM,Buck,,Moat,8522470342,,,,,,,,,,,,,,,,,,,,,,,
739,1,1,,,,,,vandreuttiki@devhub.com,reaHBv,Vi,,Andreutti,5145537722,,,,,,,,,,,,,,,,,,,,,,,
740,1,1,,,,,,vshaughnessykj@yahoo.co.jp,KfvbAaG,Vinnie,,Shaughnessy,3866714854,,,,,,,,,,,,,,,,,,,,,,,
741,1,2,,,,,,mperronekk@webnode.com,9f2SPYA2RxI,Martguerita,,Perrone,6933760929,,,,,,,,,,,,,,,,,,,,,,,
742,1,1,,,,,,dcloonankl@independent.co.uk,a78aOIC0,Duff,,Cloonan,4281276166,,,,,,,,,,,,,,,,,,,,,,,
743,1,1,,,,,,flairdkm@flavors.me,BUnEbXLgT2f,Fergus,,Laird,7294601013,,,,,,,,,,,,,,,,,,,,,,,
744,1,1,,,,,,ebonhillkn@dell.com,dkFKxlBGLuQ,Erasmus,,Bonhill,5573882781,,,,,,,,,,,,,,,,,,,,,,,
745,1,1,,,,,,sgarforthko@4shared.com,sgI570LPb5WM,Sid,,Garforth,2599987713,,,,,,,,,,,,,,,,,,,,,,,
746,1,1,,,,,,rlefevrekp@blogger.com,OfTOen8sNu,Robinett,,Le Fevre,8868745059,,,,,,,,,,,,,,,,,,,,,,,
747,1,1,,,,,,jmoorrudkq@wufoo.com,2XppZbN,Jody,,Moorrud,7357273001,,,,,,,,,,,,,,,,,,,,,,,
748,1,2,,,,,,sfairfoullkr@myspace.com,NNtkBcEqvlH,Suzie,,Fairfoull,3076209881,,,,,,,,,,,,,,,,,,,,,,,
749,1,1,,,,,,kjansikks@columbia.edu,d68QksLQy,Kendell,,Jansik,6889300398,,,,,,,,,,,,,,,,,,,,,,,
750,1,2,,,,,,fbattertonkt@ebay.co.uk,KSfAGtdd5l2P,Fleming,,Batterton,,,,,,,,,,,,,,,,,,,,,,,,
751,1,1,,,,,,oheamku@google.nl,C7MxDA1e,Odetta,,Heam,2142106296,,,,,,,,,,,,,,,,,,,,,,,
752,1,1,,,,,,stremainekv@skyrock.com,C9KNHOV2YTfE,Selie,,Tremaine,7027056407,,,,,,,,,,,,,,,,,,,,,,,
753,1,1,,,,,,kalvinkw@gravatar.com,y5WSZH,Kaela,,Alvin,5132396393,,,,,,,,,,,,,,,,,,,,,,,
754,1,1,,,,,,growlstonekx@elegantthemes.com,TPqV1e,Ganny,,Rowlstone,9433379166,,,,,,,,,,,,,,,,,,,,,,,
755,1,2,,,,,,bmurchky@vimeo.com,HzrSFI,Bonita,,Murch,2964212147,,,,,,,,,,,,,,,,,,,,,,,
756,1,2,,,,,,aironsidekz@boston.com,LT50qexx5,Annabal,,Ironside,3737775178,,,,,,,,,,,,,,,,,,,,,,,
757,1,1,,,,,,wtitheridgel0@shutterfly.com,fwxGzpOEwkm,Wallis,,Titheridge,4152980510,,,,,,,,,,,,,,,,,,,,,,,
758,1,1,,,,,,rdabornel1@diigo.com,wmgb4rbk,Robby,,Daborne,6441929414,,,,,,,,,,,,,,,,,,,,,,,
759,1,1,,,,,,kcahernyl2@telegraph.co.uk,qC1L0PDNtEQ7,Kessia,,Caherny,9718214552,,,,,,,,,,,,,,,,,,,,,,,
760,1,1,,,,,,rgraithl3@smugmug.com,KT2L5eRG,Riley,,Graith,1705727084,,,,,,,,,,,,,,,,,,,,,,,
761,1,1,,,,,,salesl4@photobucket.com,M2QyoLLF,Shea,,Ales0,6856228625,,,,,,,,,,,,,,,,,,,,,,,
762,1,1,,,,,,astammlerl5@ca.gov,sfz7af5W,Anna,,Stammler,3009746377,,,,,,,,,,,,,,,,,,,,,,,
763,1,1,,,,,,ntoothl6@oracle.com,XvDYbfVI8Y,Nefen,,Tooth,5954032703,,,,,,,,,,,,,,,,,,,,,,,
764,0,2,,,,,,gderuell7@phoca.cz,CqqMvyaQA,Genovera,,De Ruel,9189285063,,,,,,,,,,,,,,,,,,,,,,,
765,1,1,,,,,,chanburryl8@earthlink.net,VudYtbClOdWl,Clemmy,,Hanburry,4864525808,,,,,,,,,,,,,,,,,,,,,,,
766,1,1,,,,,,glegueyl9@cisco.com,k5DEaIecqX,Georgeta,,Leguey,2101390638,,,,,,,,,,,,,,,,,,,,,,,
767,0,1,,,,,,lpharoahla@digg.com,xw9L8RsI61,Layne,,Pharoah,3201988261,,,,,,,,,,,,,,,,,,,,,,,
768,0,1,,,,,,cbernuccilb@usatoday.com,doQBf6,Cathie,,Bernucci,3915535581,,,,,,,,,,,,,,,,,,,,,,,
769,1,1,,,,,,cussherlc@cocolog-nifty.com,hGBOaBAv7x,Cozmo,,Ussher,3485069399,,,,,,,,,,,,,,,,,,,,,,,
770,1,1,,,,,,hdematteisld@networkadvertising.org,hlY3cDY,Hobart,,De Matteis,,,,,,,,,,,,,,,,,,,,,,,,
771,1,2,,,,,,mseillerle@vkontakte.ru,wWICPr,Marion,,Seiller,1679252890,,,,,,,,,,,,,,,,,,,,,,,
772,0,1,,,,,,jfickenlf@ebay.com,5pKgPA,Jannel,,Ficken,9913918458,,,,,,,,,,,,,,,,,,,,,,,
773,1,1,,,,,,aloaderlg@jimdo.com,jeW5sW,Avictor,,Loader,8594448879,,,,,,,,,,,,,,,,,,,,,,,
774,1,1,,,,,,sduddenlh@bizjournals.com,YosA3rlLF3,Stearne,,Dudden,8352004437,,,,,,,,,,,,,,,,,,,,,,,
775,1,1,,,,,,mbraidonli@g.co,InukoronHZaf,Michaella,,Braidon,1208671623,,,,,,,,,,,,,,,,,,,,,,,
776,0,1,,,,,,lbowerylj@csmonitor.com,fv8G8LSpxf,Lucien,,Bowery,9987568991,,,,,,,,,,,,,,,,,,,,,,,
777,0,1,,,,,,gtrustylk@reuters.com,vYjDf7,Germayne,,Trusty,3335812999,,,,,,,,,,,,,,,,,,,,,,,
778,0,2,,,,,,cstonuaryll@google.co.jp,hZ6OuF,Colman,,Stonuary,8949168167,,,,,,,,,,,,,,,,,,,,,,,
779,0,1,,,,,,smiskellylm@huffingtonpost.com,ReebWwF,Sallyann,,Miskelly,3971001944,,,,,,,,,,,,,,,,,,,,,,,
780,1,2,,,,,,cserrierln@redcross.org,0o5JZm,Cybill,,Serrier,6193161032,,,,,,,,,,,,,,,,,,,,,,,
781,0,1,,,,,,dbezleylo@bluehost.com,RRNHTYUA,Deck,,Bezley,,,,,,,,,,,,,,,,,,,,,,,,
782,1,1,,,,,,jmerridaylp@ezinearticles.com,xGViB1IrzmX,Jeth,,Merriday,7225012170,,,,,,,,,,,,,,,,,,,,,,,
783,0,1,,,,,,slewardlq@sbwire.com,cb0jAB,Sandro,,Leward,2107493887,,,,,,,,,,,,,,,,,,,,,,,
784,1,1,,,,,,umannalr@amazon.com,FPtL7raVU,Ulick,,Manna,6761242888,,,,,,,,,,,,,,,,,,,,,,,
785,0,2,,,,,,hfairbridgels@over-blog.com,oxiYp1Evi0,Harriet,,Fairbridge,5082364970,,,,,,,,,,,,,,,,,,,,,,,
786,0,2,,,,,,wkissacklt@nyu.edu,CKJQgJj,Wayne,,Kissack,9165248101,,,,,,,,,,,,,,,,,,,,,,,
787,1,1,,,,,,nroneylu@usa.gov,y8YPIR3n,Nathanil,,Roney,4833932534,,,,,,,,,,,,,,,,,,,,,,,
788,0,1,,,,,,bmarnslv@oakley.com,VAdtGDJs8Qw,Brit,,Marns,9727172030,,,,,,,,,,,,,,,,,,,,,,,
789,0,1,,,,,,ahansfordlw@arstechnica.com,6gCXCq,Almire,,Hansford,8801484695,,,,,,,,,,,,,,,,,,,,,,,
790,1,1,,,,,,asherarlx@amazonaws.com,s1rdJryN,Antonio,,Sherar,2781519119,,,,,,,,,,,,,,,,,,,,,,,
791,1,1,,,,,,mdarnboroughly@homestead.com,F5I6FBS,Madalyn,,Darnborough,8165412027,,,,,,,,,,,,,,,,,,,,,,,
792,0,1,,,,,,gsprittlz@a8.net,auuR3yBPu,Gothart,,Spritt,2747275834,,,,,,,,,,,,,,,,,,,,,,,
793,1,1,,,,,,mdiesm0@gmpg.org,S4pXy4G,Milly,,Dies,2923312234,,,,,,,,,,,,,,,,,,,,,,,
794,1,2,,,,,,jrzehorm1@hhs.gov,COaBfLkCRL7e,Julietta,,Rzehor,5413843457,,,,,,,,,,,,,,,,,,,,,,,
795,1,1,,,,,,boscallanm2@dedecms.com,xlQYQL7,Bell,,O' Scallan,2016061456,,,,,,,,,,,,,,,,,,,,,,,
796,0,1,,,,,,tmaudlenm3@scribd.com,I2eXvvHIYmO7,Terra,,Maudlen,8262312345,,,,,,,,,,,,,,,,,,,,,,,
797,1,1,,,,,,lespm4@wikipedia.org,FyfFlj,Lowe,,Esp,3168468324,,,,,,,,,,,,,,,,,,,,,,,
798,0,1,,,,,,cstanbrookem5@springer.com,HqsbZ1bUB,Cari,,Stanbrooke,7874350053,,,,,,,,,,,,,,,,,,,,,,,
799,1,1,,,,,,scampm6@phoca.cz,RO4Q28n8h,Sawyere,,Camp,4525239276,,,,,,,,,,,,,,,,,,,,,,,
800,1,2,,,,,,chorstedm7@feedburner.com,6HgYqCwUUib,Charity,,Horsted,2237586426,,,,,,,,,,,,,,,,,,,,,,,
801,0,1,,,,,,glinfittm8@scribd.com,usHpcQ3,Gabriella,,Linfitt,1446228616,,,,,,,,,,,,,,,,,,,,,,,
802,1,1,,,,,,dharkinsm9@chicagotribune.com,9V8IkXxKEVEq,Devy,,Harkins,3823875029,,,,,,,,,,,,,,,,,,,,,,,
803,1,1,,,,,,pmccartanma@un.org,2sOK8A,Pepe,,McCartan,3415838934,,,,,,,,,,,,,,,,,,,,,,,
804,1,1,,,,,,pmingeymb@go.com,6vIn1SvaxfG,Paige,,Mingey,3131651046,,,,,,,,,,,,,,,,,,,,,,,
805,0,1,,,,,,jgorbellmc@yandex.ru,iUGw37,Jacinthe,,Gorbell,7086484403,,,,,,,,,,,,,,,,,,,,,,,
806,1,1,,,,,,tgensavagemd@uol.com.br,bltJQ1QrGN,Tristan,,Gensavage,6217622864,,,,,,,,,,,,,,,,,,,,,,,
807,1,1,,,,,,rforsardme@chron.com,Vaxkg2l10,Reggi,,Forsard,8941917837,,,,,,,,,,,,,,,,,,,,,,,
808,0,1,,,,,,apinarmf@goo.ne.jp,rmYTcZLDZ8,Alfie,,Pinar,2367910818,,,,,,,,,,,,,,,,,,,,,,,
809,0,1,,,,,,kmarklundmg@imgur.com,dD1CvUI3PTsP,Kial,,Marklund,7597172822,,,,,,,,,,,,,,,,,,,,,,,
810,1,1,,,,,,dorsmanmh@google.co.jp,n0nLoc6Mp,Dwain,,Orsman,5078628269,,,,,,,,,,,,,,,,,,,,,,,
811,1,1,,,,,,swinnmi@squarespace.com,amE808,Saudra,,Winn,9508647399,,,,,,,,,,,,,,,,,,,,,,,
812,0,1,,,,,,mmaccleaymj@facebook.com,exj9R0,Matilda,,MacCleay,4252145342,,,,,,,,,,,,,,,,,,,,,,,
813,1,1,,,,,,araymenmk@creativecommons.org,5O44TwkiVR,Ariella,,Raymen,7112206220,,,,,,,,,,,,,,,,,,,,,,,
814,1,2,,,,,,crapkinsml@vkontakte.ru,DZj2JSWBfOx,Carlene,,Rapkins,2202035255,,,,,,,,,,,,,,,,,,,,,,,
815,1,1,,,,,,aragbournmm@fema.gov,C9jEFhHL0n,Alysia,,Ragbourn,,,,,,,,,,,,,,,,,,,,,,,,
816,1,1,,,,,,dburrelmn@sitemeter.com,rOzXjATj,Darlene,,Burrel,8219829653,,,,,,,,,,,,,,,,,,,,,,,
817,1,1,,,,,,aiannuzzimo@reverbnation.com,YITHowt8,Aristotle,,Iannuzzi,,,,,,,,,,,,,,,,,,,,,,,,
818,1,2,,,,,,rsteanemp@reference.com,1ZzrgF,Redford,,Steane,3078466042,,,,,,,,,,,,,,,,,,,,,,,
819,1,1,,,,,,jcoggellmq@washington.edu,I93nasGya,Jule,,Coggell,7678883342,,,,,,,,,,,,,,,,,,,,,,,
820,1,1,,,,,,dkerriganmr@discovery.com,n2joAcu,Dionne,,Kerrigan,8166385756,,,,,,,,,,,,,,,,,,,,,,,
821,1,1,,,,,,rklosserms@goo.ne.jp,aene7oFnsl,Roma,,Klosser,1146931575,,,,,,,,,,,,,,,,,,,,,,,
822,1,1,,,,,,sgalleymt@webeden.co.uk,zB8vpzNCBDY,Selina,,Galley,8336952154,,,,,,,,,,,,,,,,,,,,,,,
823,1,2,,,,,,dmcvanamymu@cloudflare.com,xfwHw7PVQQpE,Dukie,,McVanamy,6227681853,,,,,,,,,,,,,,,,,,,,,,,
824,1,1,,,,,,mstothartmv@nasa.gov,ZxVNfWbhtE,Marwin,,Stothart,1092505745,,,,,,,,,,,,,,,,,,,,,,,
825,1,1,,,,,,ssimonetonmw@dedecms.com,uBM5pDUUYJ4,Saunder,,Simoneton,6393286184,,,,,,,,,,,,,,,,,,,,,,,
826,1,1,,,,,,ovillagemx@ed.gov,3bVIeTmL2,Ora,,Village,1732654474,,,,,,,,,,,,,,,,,,,,,,,
827,1,2,,,,,,mviviansmy@slashdot.org,NZjd1K,Mair,,Vivians,1926854724,,,,,,,,,,,,,,,,,,,,,,,
828,1,1,,,,,,sdradeymz@time.com,FAb6yyU,Shelli,,Dradey,2659149488,,,,,,,,,,,,,,,,,,,,,,,
829,1,1,,,,,,nmilesopn0@stanford.edu,QT8rKP,Nertie,,Milesop,4884486464,,,,,,,,,,,,,,,,,,,,,,,
830,1,1,,,,,,jsoarsn1@sfgate.com,PParGx3nxx,Jenelle,,Soars,7884067798,,,,,,,,,,,,,,,,,,,,,,,
831,1,1,,,,,,adavion2@ted.com,elxgmULd9,Anthiathia,,Davio,5652006874,,,,,,,,,,,,,,,,,,,,,,,
832,1,1,,,,,,ppinchn3@google.com.hk,L90z8j,Peyter,,Pinch,7008946643,,,,,,,,,,,,,,,,,,,,,,,
833,1,1,,,,,,mbinyonn4@mlb.com,nlUE7xreBqUm,Moina,,Binyon,7473950639,,,,,,,,,,,,,,,,,,,,,,,
834,1,2,,,,,,dtheoboldn5@salon.com,ekJt3K5Ydk,Dian,,Theobold,3369952062,,,,,,,,,,,,,,,,,,,,,,,
835,1,1,,,,,,ksellenn6@hc360.com,vktgP7Le,Konstantine,,Sellen,8961566658,,,,,,,,,,,,,,,,,,,,,,,
836,1,1,,,,,,ksharplyn7@blogs.com,Khpsei,Katherina,,Sharply,7359213136,,,,,,,,,,,,,,,,,,,,,,,
837,1,1,,,,,,ecabraran8@icio.us,V0Vx7K3Foj,Elwira,,Cabrara,9132307470,,,,,,,,,,,,,,,,,,,,,,,
838,1,1,,,,,,ztraslern9@wix.com,UkUwhdtHs,Zebulon,,Trasler,3476955485,,,,,,,,,,,,,,,,,,,,,,,
839,1,1,,,,,,acroomena@studiopress.com,J1P7vE9TFjn,Almira,,Croome,6683866316,,,,,,,,,,,,,,,,,,,,,,,
840,1,1,,,,,,rhischkenb@amazon.co.jp,eaxrM7T5,Rhodie,,Hischke,7539950055,,,,,,,,,,,,,,,,,,,,,,,
841,1,2,,,,,,npenmannc@symantec.com,f47Hek0,Nicky,,Penman,4756281868,,,,,,,,,,,,,,,,,,,,,,,
842,1,1,,,,,,jcorneillend@acquirethisname.com,mqZQmAPgPUEb,Johna,,Corneille,1659999977,,,,,,,,,,,,,,,,,,,,,,,
843,1,1,,,,,,lmcasgillne@webnode.com,ZzFXvwd,Lyman,,McAsgill,6743929013,,,,,,,,,,,,,,,,,,,,,,,
844,1,1,,,,,,fmularkeynf@google.ca,y275t93P,Frederik,,Mularkey,5803574615,,,,,,,,,,,,,,,,,,,,,,,
845,1,1,,,,,,lvanderbrugng@g.co,asA6FxTh9,Lib,,Van der Brug,4523103920,,,,,,,,,,,,,,,,,,,,,,,
846,1,1,,,,,,msirettnh@geocities.jp,exKv1FR,Malissa,,Sirett,9171921753,,,,,,,,,,,,,,,,,,,,,,,
847,1,1,,,,,,elonerganni@constantcontact.com,sVuvXcUHZR,Edy,,Lonergan,1911615207,,,,,,,,,,,,,,,,,,,,,,,
848,1,2,,,,,,cchandersnj@furl.net,MteSzk26,Clement,,Chanders,1852360109,,,,,,,,,,,,,,,,,,,,,,,
849,1,1,,,,,,jstelfoxnk@wikispaces.com,2lTpcdg,Jorey,,Stelfox,5533558587,,,,,,,,,,,,,,,,,,,,,,,
850,1,2,,,,,,mprichardnl@mashable.com,Jt5VlViv5a,Michal,,Prichard,8483940301,,,,,,,,,,,,,,,,,,,,,,,
851,1,1,,,,,,kdurninnm@wikia.com,Z5uDxJ,Kearney,,Durnin,7184408893,,,,,,,,,,,,,,,,,,,,,,,
852,1,1,,,,,,bchallissnn@merriam-webster.com,MQWpNBtZlbe1,Blayne,,Challiss,4441124640,,,,,,,,,,,,,,,,,,,,,,,
853,1,1,,,,,,jgoublierno@github.io,EjgkWq,Janna,,Goublier,2898161819,,,,,,,,,,,,,,,,,,,,,,,
854,1,1,,,,,,lkillerbynp@ihg.com,yssgWo5,Lexine,,Killerby,9166378262,,,,,,,,,,,,,,,,,,,,,,,
855,1,2,,,,,,lsevernnq@mysql.com,zB0K9DjgR,Lynette,,Severn,9025364439,,,,,,,,,,,,,,,,,,,,,,,
856,1,2,,,,,,csproulenr@webeden.co.uk,QO4znPOlK8,Cleavland,,Sproule,1071628214,,,,,,,,,,,,,,,,,,,,,,,
857,1,1,,,,,,twesleyns@rambler.ru,LlUrlZUBtza,Torrance,,Wesley,9612813853,,,,,,,,,,,,,,,,,,,,,,,
858,1,1,,,,,,avickersnt@last.fm,ddAa9ND,Albrecht,,Vickers,8055633583,,,,,,,,,,,,,,,,,,,,,,,
859,1,1,,,,,,abassilashvilinu@tripadvisor.com,5uTOOxCwy,Alexandre,,Bassilashvili,1255134758,,,,,,,,,,,,,,,,,,,,,,,
860,1,1,,,,,,jelsegoodnv@theguardian.com,ZNb5W3AG,Jenifer,,Elsegood,6305335138,,,,,,,,,,,,,,,,,,,,,,,
861,1,1,,,,,,oroundnw@alibaba.com,vxBTqvU,Otto,,Round,9318963712,,,,,,,,,,,,,,,,,,,,,,,
862,1,1,,,,,,tnoirelnx@youku.com,E0gRYPMPStEL,Todd,,Noirel,,,,,,,,,,,,,,,,,,,,,,,,
863,1,1,,,,,,wbriscoeny@dagondesign.com,pH0iKd,Willa,,Briscoe,5865397398,,,,,,,,,,,,,,,,,,,,,,,
864,1,2,,,,,,rbreissannz@wix.com,GeJcbv6,Roderic,,Breissan,8667946066,,,,,,,,,,,,,,,,,,,,,,,
865,1,1,,,,,,rmaccullocho0@cbslocal.com,qI65H6M,Regina,,MacCulloch,6417141542,,,,,,,,,,,,,,,,,,,,,,,
866,1,1,,,,,,gcruxo1@smh.com.au,QDWCYoDr,Gaile,,Crux,4288474457,,,,,,,,,,,,,,,,,,,,,,,
867,1,1,,,,,,dateridgeo2@tamu.edu,eRSyJ7YUJ,Daisi,,Ateridge,2035988434,,,,,,,,,,,,,,,,,,,,,,,
868,1,1,,,,,,helsomo3@imageshack.us,GNf3Xxz3DhGA,Hamil,,Elsom,7769949467,,,,,,,,,,,,,,,,,,,,,,,
869,1,1,,,,,,chutto4@w3.org,IwDFjH,Callean,,Hutt,9052659052,,,,,,,,,,,,,,,,,,,,,,,
870,1,1,,,,,,mmaccarraneo5@vkontakte.ru,CAEOGEtKcVIJ,Meridith,,MacCarrane,3319159032,,,,,,,,,,,,,,,,,,,,,,,
871,1,2,,,,,,lbielbyo6@slashdot.org,R0VAUNEc8Rs,Luther,,Bielby,4781577944,,,,,,,,,,,,,,,,,,,,,,,
872,1,1,,,,,,lmilborno7@telegraph.co.uk,7hSH6i4D6LFF,Lilia,,Milborn,7396452496,,,,,,,,,,,,,,,,,,,,,,,
873,1,1,,,,,,fottewillo8@bloglovin.com,XEoTfsZ,Frank,,Ottewill,5227996399,,,,,,,,,,,,,,,,,,,,,,,
874,1,1,,,,,,cmitchelsono9@arizona.edu,ltGPe4kuB,Charil,,Mitchelson,9201732422,,,,,,,,,,,,,,,,,,,,,,,
875,1,1,,,,,,slemerieoa@topsy.com,TJJzeRQ70N,Sharon,,Lemerie,9311459179,,,,,,,,,,,,,,,,,,,,,,,
876,1,1,,,,,,icarraneob@nytimes.com,jiFk3QzsKYn,Ignacio,,Carrane,6439835506,,,,,,,,,,,,,,,,,,,,,,,
877,1,1,,,,,,aainleyoc@ted.com,V8XOYTOnqF,Abigael,,Ainley,3454221897,,,,,,,,,,,,,,,,,,,,,,,
878,1,2,,,,,,cobellod@engadget.com,wM4mcmqiF,Carena,,Obell,5085225383,,,,,,,,,,,,,,,,,,,,,,,
879,1,1,,,,,,mlindmarkoe@yellowpages.com,PeDkVFavbq,Morganica,,Lindmark,2974216522,,,,,,,,,,,,,,,,,,,,,,,
880,1,2,,,,,,mshobbrookof@unicef.org,qMoPIKpn,Moyna,,Shobbrook,7232460226,,,,,,,,,,,,,,,,,,,,,,,
881,1,1,,,,,,akrogerog@macromedia.com,aFiihQzU,Ashlen,,Kroger,5721486022,,,,,,,,,,,,,,,,,,,,,,,
882,1,1,,,,,,acurroh@acquirethisname.com,S4phCzuJ7nT,Aldis,,Curr,9967959380,,,,,,,,,,,,,,,,,,,,,,,
883,1,1,,,,,,wnivenoi@washington.edu,XXT5r4qi9,Wyatt,,Niven,8522165688,,,,,,,,,,,,,,,,,,,,,,,
884,1,1,,,,,,ntournieoj@whitehouse.gov,wm1OmL5G,Noelyn,,Tournie,8986136812,,,,,,,,,,,,,,,,,,,,,,,
885,1,2,,,,,,mmacvayok@skype.com,JRLvuEwq,Morgen,,MacVay,6807080937,,,,,,,,,,,,,,,,,,,,,,,
886,1,2,,,,,,nhassallol@fotki.com,G9JpuGH8y12c,Natalee,,Hassall,5227060572,,,,,,,,,,,,,,,,,,,,,,,
887,1,1,,,,,,tmcavinom@squidoo.com,xHZyLXV,Tasia,,McAvin,6361415718,,,,,,,,,,,,,,,,,,,,,,,
888,1,1,,,,,,ahellwigon@dell.com,WSuLLTfs1R,Aurora,,Hellwig,6882828068,,,,,,,,,,,,,,,,,,,,,,,
889,1,1,,,,,,nhaselhurstoo@wikipedia.org,rrHZSC,Nadine,,Haselhurst,6117093532,,,,,,,,,,,,,,,,,,,,,,,
890,1,1,,,,,,thousdenop@ifeng.com,7ygW1KMDp,Tarrance,,Housden,6491916162,,,,,,,,,,,,,,,,,,,,,,,
891,1,1,,,,,,dhardcastleoq@wunderground.com,jr9hRc9vbWh8,Donny,,Hardcastle,8892741045,,,,,,,,,,,,,,,,,,,,,,,
892,1,1,,,,,,bswainsor@abc.net.au,aB6IzVCb,Bess,,Swains,7615177167,,,,,,,,,,,,,,,,,,,,,,,
893,1,1,,,,,,mbriddockos@addtoany.com,UPlOsdCZVNV,Midge,,Briddock,4139608100,,,,,,,,,,,,,,,,,,,,,,,
894,1,2,,,,,,nclimieot@omniture.com,vv7unoW,Nana,,Climie,4154403776,,,,,,,,,,,,,,,,,,,,,,,
895,1,1,,,,,,mjacobszou@toplist.cz,7Ay0SytyLwZ,Margaux,,Jacobsz,9129797921,,,,,,,,,,,,,,,,,,,,,,,
896,1,1,,,,,,cmellerov@ucsd.edu,36xiH002ajr,Casper,,Meller,8016365950,,,,,,,,,,,,,,,,,,,,,,,
897,1,1,,,,,,tstormesow@cornell.edu,SHFcnEdd8a,Trudie,,Stormes,2396237582,,,,,,,,,,,,,,,,,,,,,,,
898,1,1,,,,,,hdonahueox@mac.com,ZJ4WPM,Henrietta,,Donahue,4371719320,,,,,,,,,,,,,,,,,,,,,,,
899,1,1,,,,,,chardbattleoy@wix.com,TvJyC6ENbwVA,Creigh,,Hardbattle,5341063189,,,,,,,,,,,,,,,,,,,,,,,
900,1,2,,,,,,llepiscopiooz@creativecommons.org,5uGwCd08q91a,Loren,,L'Episcopio,,,,,,,,,,,,,,,,,,,,,,,,
901,1,1,,,,,,elapidusp0@shutterfly.com,AMlukUPp,Easter,,Lapidus,1802995906,,,,,,,,,,,,,,,,,,,,,,,
902,1,1,,,,,,igowenp1@newsvine.com,s4bhjHtyiH,Inga,,Gowen,6217799565,,,,,,,,,,,,,,,,,,,,,,,
903,1,1,,,,,,gnajarap2@cbc.ca,ZgLJvjgJ,Gal,,Najara,7479156096,,,,,,,,,,,,,,,,,,,,,,,
904,1,1,,,,,,rradwellp3@shinystat.com,K90nMXIGE,Rolfe,,Radwell,2926951030,,,,,,,,,,,,,,,,,,,,,,,
905,1,1,,,,,,tdehnp4@icio.us,L5UW1l5L9,Thedrick,,Dehn,1903270904,,,,,,,,,,,,,,,,,,,,,,,
906,1,1,,,,,,efechniep5@posterous.com,NtA9ZpGs6dy,Evan,,Fechnie,8489191589,,,,,,,,,,,,,,,,,,,,,,,
907,1,1,,,,,,dcapinp6@comcast.net,s8P4yHoA3h,Drona,,Capin,5607921110,,,,,,,,,,,,,,,,,,,,,,,
908,1,1,,,,,,bbertolinp7@columbia.edu,3yi8JLA0qL1N,Bella,,Bertolin,3493959830,,,,,,,,,,,,,,,,,,,,,,,
909,1,1,,,,,,ofriftp8@macromedia.com,V18AMmbbAl,Onofredo,,Frift,9476950340,,,,,,,,,,,,,,,,,,,,,,,
910,1,1,,,,,,rivicp9@intel.com,JdwEpq3tfM,Roi,,Ivic,7267252897,,,,,,,,,,,,,,,,,,,,,,,
911,1,1,,,,,,ahuelinpa@aol.com,qJM6i4Ad,Adina,,Huelin,8247109380,,,,,,,,,,,,,,,,,,,,,,,
912,1,1,,,,,,bmarsterspb@unblog.fr,FfSN4ueL6we,Basia,,Marsters,4346244908,,,,,,,,,,,,,,,,,,,,,,,
913,1,1,,,,,,askiggspc@pinterest.com,cliNj6sG,Adiana,,Skiggs,2483819504,,,,,,,,,,,,,,,,,,,,,,,
914,1,2,,,,,,mbulterpd@google.co.uk,IjW9LIdV,Merola,,Bulter,9738981772,,,,,,,,,,,,,,,,,,,,,,,
915,1,1,,,,,,sbramfordpe@ed.gov,ZboMa034,Sharron,,Bramford,5968107342,,,,,,,,,,,,,,,,,,,,,,,
916,1,1,,,,,,bruffeypf@ovh.net,SjGBdn8xMnH,Barny,,Ruffey,8071864285,,,,,,,,,,,,,,,,,,,,,,,
917,1,1,,,,,,dsalvadoripg@tuttocitta.it,9ejv2H,Doloritas,,Salvadori,1673361732,,,,,,,,,,,,,,,,,,,,,,,
918,1,2,,,,,,lhargravesph@delicious.com,dBo54iNJH,Lynde,,Hargraves,4336371558,,,,,,,,,,,,,,,,,,,,,,,
919,0,1,,,,,,cspatarulpi@hugedomains.com,v9Ht8MYE1,Cheri,,Spatarul,7547811771,,,,,,,,,,,,,,,,,,,,,,,
920,1,1,,,,,,tkorespj@gnu.org,qZTFvThXCgiT,Tawsha,,Kores,2442761983,,,,,,,,,,,,,,,,,,,,,,,
921,0,1,,,,,,isicelypk@timesonline.co.uk,qBsOsvGHW,Iago,,Sicely,2332057358,,,,,,,,,,,,,,,,,,,,,,,
922,1,1,,,,,,aredingtonpl@com.com,drSl334ps,Alice,,Redington,4929383565,,,,,,,,,,,,,,,,,,,,,,,
923,1,2,,,,,,ecuffinpm@yellowbook.com,x0ESiCxAiTV,Ethelbert,,Cuffin,1471231812,,,,,,,,,,,,,,,,,,,,,,,
924,1,1,,,,,,clenzpn@aol.com,aiWmmM,Charlotte,,Lenz,1198042515,,,,,,,,,,,,,,,,,,,,,,,
925,0,1,,,,,,dlegricepo@ed.gov,opA9H8cImjz,De witt,,Legrice,4652124031,,,,,,,,,,,,,,,,,,,,,,,
926,0,1,,,,,,kkaufmanpp@utexas.edu,lnFziWg,Katine,,Kaufman,1388258347,,,,,,,,,,,,,,,,,,,,,,,
927,0,2,,,,,,rtradewellpq@oaic.gov.au,RgCHKtWPIwf,Roarke,,Tradewell,9617338574,,,,,,,,,,,,,,,,,,,,,,,
928,1,1,,,,,,dcumberlidgepr@goo.gl,p66G74d,Davida,,Cumberlidge,4336615583,,,,,,,,,,,,,,,,,,,,,,,
929,0,1,,,,,,sbarwiseps@yolasite.com,VqtuMk,Saunders,,Barwise,6882910945,,,,,,,,,,,,,,,,,,,,,,,
930,0,1,,,,,,zgiacomellipt@yale.edu,GOeCq4DSr,Zelig,,Giacomelli,6967955139,,,,,,,,,,,,,,,,,,,,,,,
931,0,1,,,,,,apryspu@ning.com,QDntGM1v83b6,Ahmed,,Prys,,,,,,,,,,,,,,,,,,,,,,,,
932,1,1,,,,,,gwranklingpv@upenn.edu,l7FbUObjyUbt,Gib,,Wrankling,5729653944,,,,,,,,,,,,,,,,,,,,,,,
933,1,1,,,,,,mjentgespw@linkedin.com,nZCEgvdN,Micah,,Jentges,9905980566,,,,,,,,,,,,,,,,,,,,,,,
934,1,2,,,,,,bfussenpx@google.com.hk,XQYwmATWQ8,Bevon,,Fussen,3885502640,,,,,,,,,,,,,,,,,,,,,,,
935,0,1,,,,,,ojoannicpy@cyberchimps.com,rG65bkdvApv2,Olia,,Joannic,5435666538,,,,,,,,,,,,,,,,,,,,,,,
936,1,1,,,,,,alowderpz@exblog.jp,D9PVPCvXcmX,Ailis,,Lowder,6918355412,,,,,,,,,,,,,,,,,,,,,,,
937,1,1,,,,,,gimpletonq0@miitbeian.gov.cn,ZQRFnBW,Glendon,,Impleton,6007268846,,,,,,,,,,,,,,,,,,,,,,,
938,0,1,,,,,,bmacphadenq1@i2i.jp,hhRXuuxNCm,Birch,,MacPhaden,2993186250,,,,,,,,,,,,,,,,,,,,,,,
939,0,1,,,,,,lrobbeq2@naver.com,nthfN5f,Langsdon,,Robbe,3449819511,,,,,,,,,,,,,,,,,,,,,,,
940,1,1,,,,,,stuffellq3@vk.com,zUxGAivCr,Sammy,,Tuffell,3429372622,,,,,,,,,,,,,,,,,,,,,,,
941,1,2,,,,,,jmaffioniq4@vimeo.com,IyuPlfQ0Lu,Jo,,Maffioni,6521511299,,,,,,,,,,,,,,,,,,,,,,,
942,0,1,,,,,,ehallutq5@instagram.com,32auKTFyP,Ev,,Hallut,5155381494,,,,,,,,,,,,,,,,,,,,,,,
943,1,1,,,,,,mwinearq6@imgur.com,tD2gOUENP,Millie,,Winear,9135278150,,,,,,,,,,,,,,,,,,,,,,,
944,1,1,,,,,,fmcpeiceq7@state.tx.us,AUgSTEWHDH,Felipa,,McPeice,2064290975,,,,,,,,,,,,,,,,,,,,,,,
945,1,1,,,,,,mreveyq8@acquirethisname.com,TPuGu9WuCKA,Margaret,,Revey,2276731370,,,,,,,,,,,,,,,,,,,,,,,
946,0,1,,,,,,dfuenteq9@umn.edu,Acncpk4C,Dyna,,Fuente,5623575057,,,,,,,,,,,,,,,,,,,,,,,
947,0,1,,,,,,scrawcourqa@php.net,rbTNZoG,Sioux,,Crawcour,4644123980,,,,,,,,,,,,,,,,,,,,,,,
948,1,2,,,,,,bocooneyqb@prnewswire.com,UDGkHA,Benedetto,,O'Cooney,6442519982,,,,,,,,,,,,,,,,,,,,,,,
949,0,1,,,,,,asealqc@icq.com,1R9K8Z,Allyce,,Seal,3107507895,,,,,,,,,,,,,,,,,,,,,,,
950,1,2,,,,,,amatevosianqd@loc.gov,rFc7XLULNL,Agna,,Matevosian,6279567139,,,,,,,,,,,,,,,,,,,,,,,
951,1,1,,,,,,mhallsworthqe@icq.com,SxrMA82,Montgomery,,Hallsworth,3624095794,,,,,,,,,,,,,,,,,,,,,,,
952,0,1,,,,,,fduckerinqf@statcounter.com,gmISDmJNsZis,Flo,,Duckerin,2907194603,,,,,,,,,,,,,,,,,,,,,,,
953,1,1,,,,,,fhulksqg@ftc.gov,8FvEUGOB,Farlay,,Hulks,1249238013,,,,,,,,,,,,,,,,,,,,,,,
954,1,1,,,,,,ablabieqh@ehow.com,tbXbMcfxjT,Annie,,Blabie,2684505929,,,,,,,,,,,,,,,,,,,,,,,
955,0,2,,,,,,jlunckqi@noaa.gov,xPczsDECA,Jarib,,Lunck,7953831312,,,,,,,,,,,,,,,,,,,,,,,
956,0,2,,,,,,mornellsqj@w3.org,yxWLFGef,Melessa,,Ornells,1991662010,,,,,,,,,,,,,,,,,,,,,,,
957,1,1,,,,,,dhaileyqk@amazon.co.uk,nfu1a7ePn,Drusy,,Hailey,2595754730,,,,,,,,,,,,,,,,,,,,,,,
958,0,1,,,,,,aibbisonql@hhs.gov,og4ZoD8AIL,Andrea,,Ibbison,7745753185,,,,,,,,,,,,,,,,,,,,,,,
959,0,1,,,,,,abeneditoqm@irs.gov,AZPQuU2iR,Aile,,Benedito,9714482879,,,,,,,,,,,,,,,,,,,,,,,
960,1,1,,,,,,kmacgeeqn@blogtalkradio.com,bVTeHvN8u,Ki,,MacGee,3027080269,,,,,,,,,,,,,,,,,,,,,,,
961,1,1,,,,,,merreyqo@sfgate.com,QQEY5kcnWCH,Melva,,Errey,6074369000,,,,,,,,,,,,,,,,,,,,,,,
962,1,1,,,,,,ewetheraldqp@ocn.ne.jp,LNpSRB,Elijah,,Wetherald,6223052705,,,,,,,,,,,,,,,,,,,,,,,
963,1,1,,,,,,cwraithqq@earthlink.net,lQ8FGYMRi,Collen,,Wraith,9867287667,,,,,,,,,,,,,,,,,,,,,,,
964,1,2,,,,,,ajollandqr@flavors.me,IgphawSj,Adelle,,Jolland,8707660974,,,,,,,,,,,,,,,,,,,,,,,
965,1,1,,,,,,smcwhinnieqs@blog.com,0tEZMo1G,Sayres,,McWhinnie,6336933289,,,,,,,,,,,,,,,,,,,,,,,
966,1,1,,,,,,ageriqt@unc.edu,ubNUUg06qo,Aldric,,Geri,5044453801,,,,,,,,,,,,,,,,,,,,,,,
967,1,1,,,,,,fgettyqu@newyorker.com,C6C9OotGvEp,Faustina,,Getty,6464502498,,,,,,,,,,,,,,,,,,,,,,,
968,1,1,,,,,,mdaviddeqv@indiatimes.com,zk0sUBRvz,Minta,,Davidde,2814296391,,,,,,,,,,,,,,,,,,,,,,,
969,1,1,,,,,,qeliotqw@va.gov,fQw83cW1Ytb,Quinlan,,Eliot,7681480778,,,,,,,,,,,,,,,,,,,,,,,
970,1,1,,,,,,tllewellynqx@nymag.com,MMj0yuybM4e,Thorny,,Llewellyn,3121416029,,,,,,,,,,,,,,,,,,,,,,,
971,1,2,,,,,,fklimkovqy@stanford.edu,eVM7nEMd,Frasco,,Klimkov,3339631385,,,,,,,,,,,,,,,,,,,,,,,
972,1,1,,,,,,erissoqz@sciencedirect.com,hi20peb80L,Eleanore,,Risso,9888912525,,,,,,,,,,,,,,,,,,,,,,,
973,1,1,,,,,,ybrewardr0@arizona.edu,EbnYaIr77H,Ynes,,Breward,8254704731,,,,,,,,,,,,,,,,,,,,,,,
974,1,1,,,,,,ryanshonokr1@mayoclinic.com,AFJUyomF6g,Royce,,Yanshonok,7056751648,,,,,,,,,,,,,,,,,,,,,,,
975,1,1,,,,,,anassier2@businessweek.com,dKxvqb,Almeta,,Nassie,9136330232,,,,,,,,,,,,,,,,,,,,,,,
976,1,1,,,,,,mstraussr3@jigsy.com,DcySS1dmiXEV,Mead,,Strauss,6196801514,,,,,,,,,,,,,,,,,,,,,,,
977,1,1,,,,,,lhowarthr4@mayoclinic.com,0ZiiDSwJ,Lorens,,Howarth,6548539516,,,,,,,,,,,,,,,,,,,,,,,
978,1,2,,,,,,jhartshorner5@economist.com,knvF2P04rIqD,Jessey,,Hartshorne,9669896892,,,,,,,,,,,,,,,,,,,,,,,
979,1,1,,,,,,uwasylkiewiczr6@bizjournals.com,gJxvNXWIYV,Ursa,,Wasylkiewicz,9186395586,,,,,,,,,,,,,,,,,,,,,,,
980,1,2,,,,,,egooldenr7@reddit.com,7RS3qqF9W,Elly,,Goolden,1278008965,,,,,,,,,,,,,,,,,,,,,,,
981,1,1,,,,,,ebrounsellr8@goo.ne.jp,wXVRQgoa,Elana,,Brounsell,7543208949,,,,,,,,,,,,,,,,,,,,,,,
982,1,1,,,,,,tmoodyr9@nsw.gov.au,5OFZDxpeg6,Tabb,,Moody,2847080290,,,,,,,,,,,,,,,,,,,,,,,
983,1,1,,,,,,shargravera@buzzfeed.com,ZfQF2N8GHEb,Salvador,,Hargrave,5249073392,,,,,,,,,,,,,,,,,,,,,,,
984,1,1,,,,,,ssaphrb@redcross.org,2YHxLo3v8jMp,Simone,,Saph,7867536706,,,,,,,,,,,,,,,,,,,,,,,
985,1,2,,,,,,ebritlandrc@cornell.edu,0PrCC3nGY,Elmira,,Britland,6248103307,,,,,,,,,,,,,,,,,,,,,,,
986,1,2,,,,,,vgoodsonrd@umn.edu,uKSTef25HG,Vaughn,,Goodson,5046467634,,,,,,,,,,,,,,,,,,,,,,,
987,1,1,,,,,,jtennockre@mtv.com,gwKwwBao3,Jeffie,,Tennock,2873989330,,,,,,,,,,,,,,,,,,,,,,,
988,1,1,,,,,,mperfordrf@odnoklassniki.ru,MxiaGN3yrQ,Maryanna,,Perford,1901413021,,,,,,,,,,,,,,,,,,,,,,,
989,1,1,,,,,,bbasellirg@miitbeian.gov.cn,fSVmauu4qfk,Brand,,Baselli,,,,,,,,,,,,,,,,,,,,,,,,
990,1,1,,,,,,rdurnellrh@elegantthemes.com,H1tQFe1l4A,Randie,,Durnell,3606825401,,,,,,,,,,,,,,,,,,,,,,,
991,1,1,,,,,,dbenwellri@addtoany.com,Wu8OBWTM,Darda,,Benwell,7508113317,,,,,,,,,,,,,,,,,,,,,,,
992,1,1,,,,,,dgrishankovrj@chronoengine.com,ROFkA582yk,Dur,,Grishankov,9802163081,,,,,,,,,,,,,,,,,,,,,,,
993,0,1,,,,,,lfaulkesrk@mysql.com,3DLP1FxF1njE,Lyndsie,,Faulkes,4649522079,,,,,,,,,,,,,,,,,,,,,,,
994,0,2,,,,,,hhendenrl@stanford.edu,X6NfN2wVmJ,Hali,,Henden,9592648741,,,,,,,,,,,,,,,,,,,,,,,
995,1,1,,,,,,cwalbrunrm@posterous.com,sZahrzV,Claudetta,,Walbrun,8766525858,,,,,,,,,,,,,,,,,,,,,,,
996,0,1,,,,,,fghionrn@seesaa.net,DfgYLNx,Ferdie,,Ghion,1341279739,,,,,,,,,,,,,,,,,,,,,,,
997,0,1,,,,,,echacero@bizjournals.com,FezRHF,Eward,,Chace,9164018342,,,,,,,,,,,,,,,,,,,,,,,
998,0,1,,,,,,tkaverp@eventbrite.com,nz6o16,Tracey,,Kave,3019961296,,,,,,,,,,,,,,,,,,,,,,,
999,1,1,,,,,,deddowesrq@opera.com,3qFG8u,Dene,,Eddowes,9066143862,,,,,,,,,,,,,,,,,,,,,,,
1000,1,2,,,,,,hleggittrr@java.com,K2jEOi0KDCAG,Hedwig,,Leggitt,7991577144,,,,,,,,,,,,,,,,,,,,,,,
